,Label,Total,Enrolled in school,"Enrolled in nursery school, preschool",Enrolled in kindergarten,Enrolled in grade 1 to 4,Enrolled in grade 5 to 8,Enrolled in grade 9 to 12,"Enrolled in college, undergraduate years",Graduate or professional school,Not enrolled in school,Educational ratio
0,"Baldwin County, Alabama",212477,45480,3065,1449,8731,14523,11209,5427,1076,166997,0.2140466968189498
1,"Calhoun County, Alabama",109744,26133,1563,1484,6095,5129,4972,5960,930,83611,0.23812691354424842
2,"Cullman County, Alabama",80773,17743,734,547,4461,4406,4571,2619,405,63030,0.2196649870625085
3,"DeKalb County, Alabama",69368,15407,386,700,4045,4268,4354,1490,164,53961,0.2221052935070926
4,"Elmore County, Alabama",79270,18156,1057,546,3730,3673,5128,3110,912,61114,0.22903998990790966
5,"Etowah County, Alabama",99030,21227,1066,1299,5410,4805,4628,3533,486,77803,0.21434918711501566
6,"Houston County, Alabama",101281,24716,1052,1723,5310,5902,5367,4425,937,76565,0.24403392541542837
7,"Jefferson County, Alabama",633732,160745,11287,8847,35752,30606,32041,31412,10800,472987,0.25364822985110425
8,"Lauderdale County, Alabama",88952,18968,1119,742,3331,3975,3828,5038,935,69984,0.21323860059357855
9,"Lee County, Alabama",158919,57747,3126,1152,5561,10855,8227,23440,5386,101172,0.3633737941970438
10,"Limestone County, Alabama",94457,26040,1302,1584,4883,5972,6757,4039,1503,68417,0.27568099770265836
11,"Madison County, Alabama",353561,95024,4511,6562,17957,15807,19310,24795,6082,258537,0.2687626746162614
12,"Marshall County, Alabama",91278,22903,849,1234,5469,5365,5946,3138,902,68375,0.2509147877911435
13,"Mobile County, Alabama",398503,98278,6893,4922,22011,21129,22358,16839,4126,300225,0.246617967744283
14,"Montgomery County, Alabama",216589,56087,2222,3019,11440,11854,12842,12091,2619,160502,0.2589559026543361
15,"Morgan County, Alabama",114731,27914,1531,1920,7120,5306,6416,5068,553,86817,0.24329954415110128
16,"St. Clair County, Alabama",85782,20625,1494,1808,4370,5266,4321,3024,342,65157,0.24043505630551865
17,"Shelby County, Alabama",208523,55117,3143,3256,11827,9516,12192,11016,4167,153406,0.26432096219601675
18,"Talladega County, Alabama",77179,17253,532,562,4237,3978,4478,3017,449,59926,0.2235452649036655
19,"Tuscaloosa County, Alabama",202348,63884,3283,2579,8988,10532,9520,24507,4475,138464,0.3157135232371953
20,"Walker County, Alabama",61914,13814,1107,1238,2811,3060,3279,1880,439,48100,0.22311593500662208
21,"Anchorage Municipality, Alaska",279911,77592,5225,3469,16671,15117,14966,17571,4573,202319,0.27720239647602274
22,"Fairbanks North Star Borough, Alaska",95049,27102,1413,1659,4453,5714,4314,8140,1409,67947,0.28513713979105515
23,"Matanuska-Susitna Borough, Alaska",103251,26576,1453,1072,6105,6435,7001,3604,906,76675,0.2573921802210148
24,"Apache County, Arizona",69206,18890,610,1468,4930,4623,4861,2305,93,50316,0.2729532121492356
25,"Cochise County, Arizona",123051,28564,1755,1284,7311,5643,6385,5571,615,94487,0.23213139267458208
26,"Coconino County, Arizona",139222,49852,1657,2093,5945,7986,6169,23755,2247,89370,0.35807559150134316
27,"Maricopa County, Arizona",4245374,1109890,53212,54502,229102,247831,237397,232136,55710,3135484,0.2614351527097495
28,"Mohave County, Arizona",204416,32899,1505,1855,8566,7552,6323,6374,724,171517,0.16094141358797745
29,"Navajo County, Arizona",106204,26271,981,772,7241,8152,6031,2760,334,79933,0.24736356446084892
30,"Pima County, Arizona",1002894,260232,11508,9898,46300,54855,51001,74174,12496,742662,0.25948106180713015
31,"Pinal County, Arizona",432621,102825,4653,6242,22408,23558,27082,16189,2693,329796,0.23767916952713808
32,"Yavapai County, Arizona",226418,41059,1856,2003,8117,9668,8500,9775,1140,185359,0.18134158944960208
33,"Yuma County, Arizona",202996,54272,3092,3676,11202,11677,12495,11279,851,148724,0.2673550217738281
34,"Benton County, Arkansas",261573,66534,4898,3891,16155,16683,14969,8179,1759,195039,0.25436111525272104
35,"Craighead County, Arkansas",104311,30858,2532,1000,7262,4762,5832,6587,2883,73453,0.29582690224425034
36,"Faulkner County, Arkansas",120041,34865,1405,1561,6821,5858,5107,11997,2116,85176,0.29044243216900895
37,"Garland County, Arkansas",95349,19698,924,874,3929,5268,4110,3952,641,75651,0.206588427775855
38,"Jefferson County, Arkansas",65450,15455,1031,807,4131,2566,3465,3019,436,49995,0.2361344537815126
39,"Lonoke County, Arkansas",71092,18089,929,1188,3170,5508,4216,2669,409,53003,0.2544449445788556
40,"Pulaski County, Arkansas",377587,90421,6632,4464,20348,18801,19670,14622,5884,287166,0.23947063855482312
41,"Saline County, Arkansas",117478,28656,2118,886,6453,7246,6828,4113,1012,88822,0.24392652241270707
42,"Sebastian County, Arkansas",123377,29279,2242,1410,7703,6561,6231,4533,599,94098,0.2373132755700009
43,"Washington County, Arkansas",227673,73297,4572,3391,12039,12892,11706,25241,3456,154376,0.3219397996249006
44,"White County, Arkansas",75689,21963,829,737,3485,4477,4791,5985,1659,53726,0.2901742657453527
45,"Alameda County, California",1610760,413190,27610,21704,71158,78742,74662,105968,33346,1197570,0.256518661998063
46,"Butte County, California",223274,64739,3485,2314,9013,10436,11787,24649,3055,158535,0.2899531517328484
47,"Contra Costa County, California",1110553,293014,14530,13737,55756,61793,67162,68479,11557,817539,0.2638451294085019
48,"El Dorado County, California",186254,41957,2670,2785,6569,8217,12259,7605,1852,144297,0.22526764525862533
49,"Fresno County, California",950267,293461,15552,18486,59263,65884,63491,60601,10184,656806,0.30881952125034334
50,"Humboldt County, California",131923,35093,2445,1432,7046,4535,5507,11894,2234,96830,0.26601123382579234
51,"Imperial County, California",174342,55489,3772,1296,10293,12779,13053,11335,2961,118853,0.3182767204689633
52,"Kern County, California",857290,262649,10712,11408,59316,61905,59387,51299,8622,594641,0.30637123960386803
53,"Kings County, California",145370,45741,2086,2505,9907,8904,11046,9574,1719,99629,0.3146522666299787
54,"Lake County, California",62007,12257,662,715,2734,3158,3436,1366,186,49750,0.19767123066750528
55,"Los Angeles County, California",9757874,2598036,157996,127929,448186,499598,514612,695151,154564,7159838,0.266250209830543
56,"Madera County, California",150972,43491,3477,2153,8669,9728,11880,7191,393,107481,0.2880732851124712
57,"Marin County, California",252863,59474,3883,3272,9392,14684,13889,10805,3549,193389,0.23520246141191078
58,"Mendocino County, California",84458,20013,1886,1537,4006,3616,4728,3666,574,64445,0.2369580146344929
59,"Merced County, California",263289,85286,3991,4673,16886,20608,16961,19034,3133,178003,0.32392542035557886
60,"Monterey County, California",418118,119314,5147,4645,26101,24756,28314,24520,5831,298804,0.2853596353182594
61,"Napa County, California",135528,36253,2481,1518,5406,7832,7638,10064,1314,99275,0.2674945398736792
62,"Nevada County, California",97032,18099,674,1448,3228,5054,3965,3412,318,78933,0.18652609448429383
63,"Orange County, California",3077611,853783,50229,38393,139452,167313,176024,232372,50000,2223828,0.27741745139330476
64,"Placer County, California",384184,97557,6996,5537,19529,19242,22228,20146,3879,286627,0.2539330112654353
65,"Riverside County, California",2359637,674721,31016,32762,131964,143132,152921,158017,24909,1684916,0.28594271067965116
66,"Sacramento County, California",1487638,401301,24550,20634,76091,81669,85181,97581,15595,1086337,0.2697571586635996
67,"San Bernardino County, California",2081128,616035,30299,31744,125627,125537,135547,142177,25104,1465093,0.2960101444985604
68,"San Diego County, California",3219057,859125,50392,42532,148291,159697,170226,235739,52248,2359932,0.2668871660240872
69,"San Francisco County, California",859039,166024,16251,5273,23024,22798,24522,52093,22063,693015,0.19326712756929545
70,"San Joaquin County, California",723405,210766,13971,11233,45369,47045,49220,38382,5546,512639,0.2913527000781029
71,"San Luis Obispo County, California",277140,79808,3544,2906,9206,12748,11587,37839,1978,197332,0.2879699790719492
72,"San Mateo County, California",743391,182069,13399,9767,34092,35628,35146,41368,12669,561322,0.24491687416178026
73,"Santa Barbara County, California",430716,135797,6546,4956,21940,21862,22312,51919,6262,294919,0.31528199556088005
74,"Santa Clara County, California",1870774,509508,32784,24101,88536,98024,100918,125250,39895,1361266,0.27235144384089155
75,"Santa Cruz County, California",264218,79267,2193,2592,10873,13095,12376,32758,5380,184951,0.3000060556055984
76,"Shasta County, California",174301,41221,2594,1787,9722,7882,8583,9023,1630,133080,0.23649319281013878
77,"Solano County, California",430466,107201,7009,5273,21384,21983,25378,21356,4818,323265,0.24903476697346597
78,"Sonoma County, California",486547,114478,6668,5508,21396,23871,23881,28604,4550,372069,0.23528662184742688
79,"Stanislaus County, California",528163,156491,6215,7694,33322,35557,33178,37064,3461,371672,0.2962930004562985
80,"Sutter County, California",91702,25964,1189,1420,6108,5255,5819,5643,530,65738,0.2831345008832959
81,"Tulare County, California",444134,143446,5617,7180,34349,32326,33265,25316,5393,300688,0.32297910090198
82,"Ventura County, California",821732,219392,13884,12415,39246,44111,48344,54120,7272,602340,0.2669872902600848
83,"Yolo County, California",213080,83409,4137,2301,10829,10024,11950,38560,5608,129671,0.39144452787685374
84,"Yuba County, California",74419,21508,1170,1419,4336,4977,5178,3738,690,52911,0.28901221462260984
85,"Adams County, Colorado",492414,134307,9727,6495,29833,33735,30479,18811,5227,358107,0.2727521963226066
86,"Arapahoe County, Colorado",627216,158146,11340,8923,34918,31079,36607,25586,9693,469070,0.2521396137853626
87,"Boulder County, Colorado",318666,96567,4875,2835,13853,16301,16489,32543,9671,222099,0.3030351527932067
88,"Broomfield County, Colorado",66845,18300,1492,828,3193,3945,4149,3640,1053,48545,0.2737676714787942
89,"Denver County, Colorado",691479,155812,10275,9254,30888,27783,27783,34637,15192,535667,0.22533149958277837
90,"Douglas County, Colorado",331919,93556,7708,4145,19342,21750,24110,12418,4083,238363,0.2818639487344804
91,"El Paso County, Colorado",686359,195754,12092,9143,38395,38668,36413,52210,8833,490605,0.2852064298712481
92,"Jefferson County, Colorado",561719,126230,9452,6284,25239,25859,27016,23894,8486,435489,0.22472090137595488
93,"Larimer County, Colorado",339334,96794,5753,2765,14289,16411,16737,32986,7853,242540,0.28524698379767427
94,"Mesa County, Colorado",148129,36856,1373,1489,9299,6909,7821,8226,1739,111273,0.24881015871301365
95,"Pueblo County, Colorado",161907,40983,3156,1631,7742,8563,10575,8414,902,120924,0.2531267950119513
96,"Weld County, Colorado",301562,83397,5849,5185,18835,18642,16212,14685,3989,218165,0.2765500958343558
97,"Fairfield County, Connecticut",912541,248141,16833,11259,46533,52374,56847,50384,13911,664400,0.2719231245500202
98,"Hartford County, Connecticut",865237,214790,13160,9951,40381,43780,49153,45409,12956,650447,0.2482441227085758
99,"Litchfield County, Connecticut",176788,37300,1655,2039,7687,7566,9248,7851,1254,139488,0.21098717107495985
100,"Middlesex County, Connecticut",159226,37178,2685,1548,6700,6864,7181,9928,2272,122048,0.23349201763531083
101,"New Haven County, Connecticut",831221,212603,11542,9101,37414,40489,46866,51290,15901,618618,0.2557719306899128
102,"New London County, Connecticut",260410,61197,4774,2679,10620,11630,14827,12885,3782,199213,0.23500249606389922
103,"Tolland County, Connecticut",146786,46808,1311,1375,5658,6733,6316,22128,3287,99978,0.318885997302195
104,"Windham County, Connecticut",114802,29404,1301,1190,4967,5591,5547,9225,1583,85398,0.256127942021916
105,"Kent County, Delaware",171524,44294,2115,1770,8153,11068,8253,11301,1634,127230,0.25823791422774656
106,"New Castle County, Delaware",543278,137341,8991,6123,26393,28654,28874,31520,6786,405937,0.25280059196212623
107,"Sussex County, Delaware",222264,41864,2257,1645,9903,11044,8745,7014,1256,180400,0.18835258971313393
108,"District of Columbia, District of Columbia",675256,173303,14729,8633,26757,25457,25249,48016,24462,501953,0.25664784911204047
109,"Alachua County, Florida",262425,94729,3969,1877,11293,9904,9293,43791,14602,167696,0.3609755168143279
110,"Bay County, Florida",179105,41401,3329,2696,9565,8022,8610,7886,1293,137704,0.23115490913151504
111,"Brevard County, Florida",580420,124144,10333,6036,22349,27501,27154,24847,5924,456276,0.21388649598566556
112,"Broward County, Florida",1879135,472715,31625,21451,89653,98426,99005,103018,29537,1406420,0.2515598932487554
113,"Charlotte County, Florida",181508,23786,1057,1141,4370,4841,6146,5754,477,157722,0.13104656544064172
114,"Citrus County, Florida",145301,22920,1497,711,5105,4933,6393,3777,504,122381,0.15774151588770896
115,"Clay County, Florida",209048,54879,3093,3761,11020,12553,11518,10380,2554,154169,0.2625186560024492
116,"Collier County, Florida",368949,65778,2790,2437,13389,17893,15802,12251,1216,303171,0.17828480359074017
117,"Columbia County, Florida",68315,15652,2085,1118,3707,2998,2957,2384,403,52663,0.2291151284490961
118,"Duval County, Florida",909649,224754,12719,13528,49044,44806,43282,49744,11631,684895,0.24707771898831307
119,"Escambia County, Florida",302894,76195,4531,4490,12675,15679,15712,20992,2116,226699,0.2515566501812515
120,"Flagler County, Florida",110652,22320,2224,1294,3853,4235,5727,4741,246,88332,0.20171348009977225
121,"Hernando County, Florida",185999,35912,1971,2106,6962,8735,8880,6265,993,150087,0.19307630686186486
122,"Highlands County, Florida",103151,16934,870,556,4294,4009,4114,2517,574,86217,0.164167094841543
123,"Hillsborough County, Florida",1386124,359633,23155,16389,73434,70642,72525,82128,21360,1026491,0.25945225679665024
124,"Indian River County, Florida",153126,27929,2637,1001,6227,5763,5258,5876,1167,125197,0.18239227825450935
125,"Lake County, Florida",345424,72400,3837,5240,14204,16952,17185,11366,3616,273024,0.20959748019824911
126,"Lee County, Florida",733839,144204,7785,8707,27513,30515,34511,27990,7183,589635,0.19650631814335298
127,"Leon County, Florida",284574,102660,5749,3602,12552,11879,13262,46456,9160,181914,0.36074975226127476
128,"Manatee County, Florida",383776,74843,5268,2295,17211,17508,16319,12885,3357,308933,0.19501740598682565
129,"Marion County, Florida",350745,68559,3625,4431,13455,14000,19327,11209,2512,282186,0.19546679211392892
130,"Martin County, Florida",157020,27995,1485,840,4774,7517,7826,4407,1146,129025,0.17828938988663864
131,"Miami-Dade County, Florida",2667469,676289,51009,30938,119775,128506,133988,167151,44922,1991180,0.25353209353135875
132,"Monroe County, Florida",72709,11678,463,192,2095,2980,2919,2234,795,61031,0.16061285397956238
133,"Nassau County, Florida",83541,17900,1003,1103,3036,4875,4272,2899,712,65641,0.21426604900587734
134,"Okaloosa County, Florida",198913,48823,2646,2561,10402,11537,9694,9308,2675,150090,0.24544901539869188
135,"Orange County, Florida",1333327,373061,23689,16314,67467,69027,68298,104641,23625,960266,0.27979707903612544
136,"Osceola County, Florida",354908,98119,5989,4517,20493,20126,23045,20036,3913,256789,0.27646319609588965
137,"Palm Beach County, Florida",1444359,325319,25339,15433,59320,65393,70724,74196,14914,1119040,0.22523416962126452
138,"Pasco County, Florida",523770,115826,6972,6136,25265,24859,24175,23268,5151,407944,0.22113904958283215
139,"Pinellas County, Florida",950175,173255,12342,9951,36662,31701,37347,35939,9313,776920,0.18234009524561265
140,"Polk County, Florida",683195,155453,9253,10337,33622,37367,35516,24887,4471,527742,0.22753825774486056
141,"Putnam County, Florida",71545,15785,917,938,3690,3689,3834,2270,447,55760,0.22063037249283668
142,"St. Johns County, Florida",248543,65807,4417,3481,12327,13081,16002,13776,2723,182736,0.2647710858885585
143,"St. Lucie County, Florida",312871,72487,3839,5233,13614,13318,16810,15699,3974,240384,0.2316833455321842
144,"Santa Rosa County, Florida",174255,43664,3732,1993,8035,9361,9388,9183,1972,130591,0.2505753063039798
145,"Sarasota County, Florida",418893,64419,3420,2007,13345,13471,17852,12446,1878,354474,0.15378390185560514
146,"Seminole County, Florida",452533,113702,7218,5754,19110,22732,24157,28300,6431,338831,0.25125681442016384
147,"Sumter County, Florida",127697,11371,214,495,2176,2193,3184,2880,229,116326,0.08904672780096635
148,"Volusia County, Florida",533265,113661,6143,3173,22039,24414,24087,28348,5457,419604,0.2131416837782341
149,"Walton County, Florida",68997,14348,740,420,4096,3711,3074,1440,867,54649,0.20795107033639143
150,"Barrow County, Georgia",78351,19666,1328,953,4371,4311,5476,2758,469,58685,0.25099871092902454
151,"Bartow County, Georgia",102614,23847,1338,893,4958,5870,7071,3202,515,78767,0.2323951897401914
152,"Bibb County, Georgia",146970,42004,2428,1995,8193,9720,7687,9904,2077,104966,0.2857998230931483
153,"Bulloch County, Georgia",75343,29794,862,777,2892,4467,2860,16516,1420,45549,0.39544483230028005
154,"Carroll County, Georgia",114601,36297,2560,1908,7491,6186,6550,10903,699,78304,0.31672498494777535
155,"Catoosa County, Georgia",65598,14429,1108,384,3084,4097,3196,2367,193,51169,0.21996097441995183
156,"Chatham County, Georgia",278954,77829,4386,4733,13946,13481,12938,22191,6154,201125,0.2790029897402439
157,"Cherokee County, Georgia",246141,65285,5165,2458,13966,15757,14095,11146,2698,180856,0.26523415440743314
158,"Clarke County, Georgia",123498,51780,1053,1583,4763,4960,4360,28291,6770,71718,0.4192780449885828
159,"Clayton County, Georgia",275961,83959,4483,5556,19317,16334,17338,18227,2704,192002,0.3042422661173137
160,"Cobb County, Georgia",728647,200208,12783,9281,38892,39618,45911,41610,12113,528439,0.2747667937972708
161,"Columbia County, Georgia",148976,45090,3013,2216,9065,10093,9366,7336,4001,103886,0.30266620126731825
162,"Coweta County, Georgia",141874,38759,2221,2093,6689,8753,10603,5517,2883,103115,0.2731931150175508
163,"DeKalb County, Georgia",725751,191134,17538,9666,41385,35906,35911,35200,15528,534617,0.26336029850458353
164,"Dougherty County, Georgia",88078,28527,1931,1484,5453,4594,5519,8293,1253,59551,0.3238833760984582
165,"Douglas County, Georgia",141082,42233,2730,829,8714,9338,10163,9158,1301,98849,0.299350732198296
166,"Fayette County, Georgia",111659,32580,2401,916,5728,7303,9042,5235,1955,79079,0.2917812267707932
167,"Floyd County, Georgia",93678,21139,881,958,4344,5510,4224,5100,122,72539,0.22565597045197378
168,"Forsyth County, Georgia",228810,68972,5890,4067,14297,16528,15766,9895,2529,159838,0.30143787421878415
169,"Fulton County, Georgia",1012457,276189,17023,10804,52122,50416,57353,68022,20449,736268,0.2727908444506779
170,"Glynn County, Georgia",82410,19379,1369,40,5745,3634,4969,2600,1022,63031,0.23515350078873923
171,"Gwinnett County, Georgia",897334,268458,15028,15140,53588,59696,61825,49100,14081,628876,0.29917288322965585
172,"Hall County, Georgia",194880,52710,3063,1746,11515,12327,12896,9984,1179,142170,0.2704741379310345
173,"Henry County, Georgia",223896,61560,1886,2657,16143,13449,14793,9809,2823,162336,0.27494908350305497
174,"Houston County, Georgia",150029,44440,2344,1878,9154,10480,7836,9952,2796,105589,0.29620939951609354
175,"Jackson County, Georgia",68658,18755,1321,1246,3331,4614,4927,2880,436,49903,0.27316554516589475
176,"Lowndes County, Georgia",111474,33714,2234,1326,7799,5385,5462,10467,1041,77760,0.30243823671887615
177,"Muscogee County, Georgia",186497,55980,4010,2217,11017,10959,10097,14071,3609,130517,0.30016568631130797
178,"Newton County, Georgia",105354,30369,2547,1308,7123,6325,9235,2973,858,74985,0.28825673443817984
179,"Paulding County, Georgia",158571,44141,2700,1314,9145,10915,11481,7300,1286,114430,0.2783674190110424
180,"Richmond County, Georgia",193093,49678,3181,3228,9028,11501,8946,10486,3308,143415,0.25727499184330865
181,"Rockdale County, Georgia",88366,26406,2072,1071,6058,5099,5430,5508,1168,61960,0.2988253400629201
182,"Spalding County, Georgia",64356,16041,1990,1163,3440,3633,4021,1411,383,48315,0.24925414879731494
183,"Troup County, Georgia",67479,19800,1103,616,3645,5278,3714,4538,906,47679,0.2934246209931979
184,"Walker County, Georgia",67112,15292,837,653,4002,3027,4251,2134,388,51820,0.22785790916676602
185,"Walton County, Georgia",90064,23721,1072,1396,5529,4980,6497,3857,390,66343,0.26337937466690353
186,"Whitfield County, Georgia",100082,26830,1168,1129,6291,6131,6995,4560,556,73252,0.26808017425710917
187,"Hawaii County, Hawaii",194654,44218,3226,2041,11615,9252,9118,6499,2467,150436,0.2271620413657053
188,"Honolulu County, Hawaii",942992,232721,15773,9311,45483,46139,41629,61345,13041,710271,0.24679000458116293
189,"Kauai County, Hawaii",69592,13829,1061,1189,2629,4084,3013,1754,99,55763,0.19871536958271066
190,"Maui County, Hawaii",162815,34323,2468,1852,7095,8638,7271,5668,1331,128492,0.2108098148205018
191,"Ada County, Idaho",456159,117495,5593,5707,21972,27884,27691,22756,5892,338664,0.2575746614667254
192,"Bannock County, Idaho",83960,25771,1128,1084,5002,5474,5145,6115,1823,58189,0.3069437827536922
193,"Bonneville County, Idaho",110824,34715,2242,1716,7767,9251,7259,5553,927,76109,0.313244423590558
194,"Canyon County, Idaho",213928,59376,2345,3215,13729,13235,14740,10901,1211,154552,0.27755132567966795
195,"Kootenai County, Idaho",157109,35898,3053,2452,7999,8115,7651,5743,885,121211,0.22849104761662287
196,"Twin Falls County, Idaho",81834,21488,749,1077,4750,5110,5524,3717,561,60346,0.26258034557763277
197,"Adams County, Illinois",62883,13750,1387,1033,2848,3304,3231,1617,330,49133,0.21866005120620835
198,"Champaign County, Illinois",204032,76284,3552,2721,6937,10054,8111,32277,12632,127748,0.37388252823086576
199,"Cook County, Illinois",4989769,1260762,88155,59817,241763,252154,266198,253051,99624,3729007,0.2526694121511437
200,"DeKalb County, Illinois",100630,35729,1397,644,4449,6219,5806,14629,2585,64901,0.35505316506012125
201,"DuPage County, Illinois",896498,240456,19266,11533,46716,46806,50952,49288,15895,656042,0.2682169954645744
202,"Kane County, Illinois",514415,141362,8749,9020,28533,30513,35244,24433,4870,373053,0.27480147351846274
203,"Kankakee County, Illinois",106559,28310,2127,1200,5521,5411,6283,6765,1003,78249,0.2656744151127544
204,"Kendall County, Illinois",122283,39920,2846,2989,8039,7922,9902,5844,2378,82363,0.32645584423018736
205,"Lake County, Illinois",678310,186341,12606,6451,35619,42957,44612,33443,10653,491969,0.2747136265129513
206,"LaSalle County, Illinois",105865,22062,1526,1401,4928,5453,5090,3168,496,83803,0.20839748736598498
207,"McHenry County, Illinois",298412,74897,5094,4012,13849,17744,18995,12633,2570,223515,0.25098521507177995
208,"McLean County, Illinois",167053,58276,3119,1887,8145,7680,10155,24648,2642,108777,0.3488473717921857
209,"Macon County, Illinois",101490,23638,1878,1162,4717,6073,5323,3488,997,77852,0.23290964627056854
210,"Madison County, Illinois",254822,64724,4801,3158,13817,11409,12585,15376,3578,190098,0.2539969076453367
211,"Peoria County, Illinois",172904,44907,3009,2095,8704,10547,8711,9258,2583,127997,0.25972215796048675
212,"Rock Island County, Illinois",138918,35201,2780,1607,6478,7471,7552,7590,1723,103717,0.2533940885990296
213,"St. Clair County, Illinois",251287,66925,4253,2234,13524,15298,14164,13217,4235,184362,0.26632893862396384
214,"Sangamon County, Illinois",188675,46421,3044,2395,10008,9992,10759,7779,2444,142254,0.24603683582880614
215,"Tazewell County, Illinois",127202,30054,1776,1291,7248,6590,6668,5515,966,97148,0.23626986997059796
216,"Vermilion County, Illinois",74118,16607,1089,589,3922,4226,4004,2496,281,57511,0.22406163145254865
217,"Will County, Illinois",668736,186861,11649,7905,34489,41169,47649,35889,8111,481875,0.2794241673844387
218,"Williamson County, Illinois",64872,16160,1198,824,3727,3202,3396,3314,499,48712,0.24910593168084844
219,"Winnebago County, Illinois",273019,63549,3367,4681,12912,15373,14156,10554,2506,209470,0.23276402008651412
220,"Allen County, Indiana",359928,94706,7432,4427,21548,21760,20998,14397,4144,265222,0.26312484719166057
221,"Bartholomew County, Indiana",79414,19349,1226,1013,5391,3586,4474,3191,468,60065,0.24364721585614627
222,"Boone County, Indiana",64274,17113,1875,1352,3733,3579,3943,1891,740,47161,0.2662507390235554
223,"Clark County, Indiana",113214,25694,1364,1853,5392,6984,5513,3761,827,87520,0.2269507304750296
224,"Delaware County, Indiana",110929,34645,1721,1508,5199,3594,4383,16920,1320,76284,0.31231688737841323
225,"Elkhart County, Indiana",194840,47294,2043,2925,11637,14398,10494,4877,920,147546,0.2427324984602751
226,"Floyd County, Indiana",74816,18412,848,781,3554,4442,4307,4054,426,56404,0.24609709153122328
227,"Grant County, Indiana",64018,16715,853,752,3027,3414,2419,6008,242,47303,0.2610984410634509
228,"Hamilton County, Indiana",317206,91322,6585,4675,19427,21540,22492,11248,5355,225884,0.28789493263053034
229,"Hancock County, Indiana",73174,17416,1190,1417,2851,4350,4461,2151,996,55758,0.2380080356410747
230,"Hendricks County, Indiana",160913,42038,2309,3375,10004,7731,11228,5443,1948,118875,0.2612467606719159
231,"Howard County, Indiana",80504,17304,1325,540,4771,3834,4219,2295,320,63200,0.21494584120043725
232,"Johnson County, Indiana",150379,42480,1680,2373,8422,10768,8439,8974,1824,107899,0.2824862514047839
233,"Kosciusko County, Indiana",76724,18476,575,446,5336,4277,4761,2527,554,58248,0.24081121943590011
234,"Lake County, Indiana",468524,117020,7479,6383,24441,25816,28301,21650,2950,351504,0.24976308577575534
235,"LaPorte County, Indiana",106258,21195,1566,1600,4933,5182,4300,3007,607,85063,0.19946733422424665
236,"Madison County, Indiana",124166,27913,1579,1278,5430,7272,6790,4818,746,96253,0.22480389156451847
237,"Marion County, Indiana",911869,235468,11894,11995,51820,53030,49777,44284,12668,676401,0.2582256881196751
238,"Monroe County, Indiana",144071,59375,2068,989,4801,4883,6138,32706,7790,84696,0.41212318926085056
239,"Morgan County, Indiana",67963,15658,967,685,3899,3648,3325,2868,266,52305,0.23039006518252578
240,"Porter County, Indiana",164483,40211,3011,2508,7453,9114,9979,6594,1552,124272,0.24446903327395536
241,"St. Joseph County, Indiana",260625,73822,4988,3594,14113,14415,13829,17928,4955,186803,0.2832498800959233
242,"Tippecanoe County, Indiana",186119,73001,2235,1982,7772,8834,10276,32842,9060,113118,0.3922275533395301
243,"Vanderburgh County, Indiana",174804,44339,3018,1303,8804,9917,8346,11472,1479,130465,0.253649802064026
244,"Vigo County, Indiana",103355,28418,951,1453,3352,5648,4716,10930,1368,74937,0.274955251318272
245,"Wayne County, Indiana",63355,15234,1217,683,2957,3439,3373,3017,548,48121,0.2404545813274406
246,"Black Hawk County, Iowa",127722,39193,2538,1535,5732,7059,6122,14445,1762,88529,0.30686177792392855
247,"Dallas County, Iowa",85760,24591,1876,1844,6226,5624,5609,2527,885,61169,0.2867420708955224
248,"Dubuque County, Iowa",93029,23550,2357,1563,3671,4745,4477,5569,1168,69479,0.25314686818088983
249,"Johnson County, Iowa",145637,51049,2606,2106,5868,7065,6160,21465,5779,94588,0.3505221887295124
250,"Linn County, Iowa",217352,54302,3908,2662,10926,12978,11893,10315,1620,163050,0.24983437005410578
251,"Polk County, Iowa",467033,122628,7138,6725,25249,27454,27433,21766,6863,344405,0.2625681697010704
252,"Pottawattamie County, Iowa",90775,22692,1659,920,4648,5312,5509,4026,618,68083,0.24998072156430734
253,"Scott County, Iowa",165598,41609,2412,1984,8672,10171,8936,7635,1799,123989,0.2512651118974867
254,"Story County, Iowa",94830,42485,1166,1054,3634,2928,3142,25489,5072,52345,0.44801223241590216
255,"Woodbury County, Iowa",99212,26509,1396,1902,5387,6903,5480,5029,412,72703,0.267195500544289
256,"Butler County, Kansas",64818,19214,1461,550,4333,4563,3879,3466,962,45604,0.29643000401123143
257,"Douglas County, Kansas",117424,45175,1956,1011,4313,5891,4584,21206,6214,72249,0.3847169232865513
258,"Johnson County, Kansas",576306,155171,11863,8653,31184,33196,35125,24776,10374,421135,0.2692510575978734
259,"Leavenworth County, Kansas",78426,20280,1252,1069,5029,4375,4521,2836,1198,58146,0.2585877132583582
260,"Riley County, Kansas",71135,30349,996,554,2032,3239,2039,17609,3880,40786,0.42663948829690024
261,"Sedgwick County, Kansas",493156,136976,8777,6580,29092,29906,29331,25455,7835,356180,0.27775389531912825
262,"Shawnee County, Kansas",171289,40907,1809,2682,8684,9616,9426,7000,1690,130382,0.23881860481408612
263,"Wyandotte County, Kansas",157319,43924,2773,2982,10762,10064,8583,6549,2211,113395,0.27920340200484367
264,"Boone County, Kentucky",125169,32149,2115,1465,6454,7946,8283,4477,1409,93020,0.2568447459035384
265,"Bullitt County, Kentucky",79164,17387,1260,655,3229,4981,4330,2290,642,61777,0.21963266131069678
266,"Campbell County, Kentucky",89775,22572,1204,654,5109,3438,4479,6241,1447,67203,0.25142857142857145
267,"Christian County, Kentucky",67472,15829,1010,712,4548,3865,2661,2666,367,51643,0.23460101968223857
268,"Daviess County, Kentucky",97291,24419,2321,886,5200,6666,5079,3256,1011,72872,0.25098930014081466
269,"Fayette County, Kentucky",311055,90731,5710,2654,15356,15453,12570,29981,9007,220324,0.29168796515085754
270,"Hardin County, Kentucky",105382,25453,1373,1255,6020,7068,5662,3074,1001,79929,0.24153081171357538
271,"Jefferson County, Kentucky",741287,177822,11053,8149,40149,36508,36845,33415,11703,563465,0.23988279843029758
272,"Kenton County, Kentucky",158792,38893,2873,2392,9935,8143,7116,6795,1639,119899,0.24493047508690613
273,"McCracken County, Kentucky",62736,13602,937,789,2965,2119,4373,1951,468,49134,0.2168133129303749
274,"Madison County, Kentucky",89611,28067,1572,1362,3681,4750,3492,11821,1389,61544,0.3132093158206024
275,"Oldham County, Kentucky",64924,18984,1178,1160,3741,5033,4418,3010,444,45940,0.2924034255437126
276,"Warren County, Kentucky",126969,40807,2615,1957,5856,6866,7040,13845,2628,86162,0.32139341099008417
277,"Ascension Parish, Louisiana",119575,32389,2773,2043,7100,8023,7216,4363,871,87186,0.2708676562826678
278,"Bossier Parish, Louisiana",122037,31678,1613,3760,6944,6100,6407,5696,1158,90359,0.2595770135286839
279,"Caddo Parish, Louisiana",232901,57985,4676,2669,12165,14711,12135,9744,1885,174916,0.2489684458203271
280,"Calcasieu Parish, Louisiana",194508,47612,3681,1916,11155,10221,10746,8885,1008,146896,0.24478170563678614
281,"East Baton Rouge Parish, Louisiana",424042,123652,8848,6295,22499,20517,23142,33800,8551,300390,0.2916031902500224
282,"Iberia Parish, Louisiana",68241,17773,887,1398,3097,5491,4057,2357,486,50468,0.26044460075321285
283,"Jefferson Parish, Louisiana",418168,99326,7877,3866,21096,21801,21752,16867,6067,318842,0.2375265443553787
284,"Lafayette Parish, Louisiana",232574,63363,3771,2254,13605,11669,12687,15915,3462,169211,0.27244231943381464
285,"Lafourche Parish, Louisiana",94887,24564,1263,807,6210,5659,5024,5287,314,70323,0.2588763476556325
286,"Livingston Parish, Louisiana",132529,32658,1706,2253,6121,9901,7085,5223,369,99871,0.24642153792754792
287,"Orleans Parish, Louisiana",376789,96629,6996,2366,19067,18055,16325,25066,8754,280160,0.25645387736903147
288,"Ouachita Parish, Louisiana",148247,40326,2895,1813,9053,8780,8137,8037,1611,107921,0.27201899532536916
289,"Rapides Parish, Louisiana",125534,31642,2817,1243,7813,6902,6938,4417,1512,93892,0.25205920308442337
290,"St. Landry Parish, Louisiana",79122,18880,1716,586,5082,4966,4875,1460,195,60242,0.23861884178863021
291,"St. Tammany Parish, Louisiana",249051,63998,3538,3861,12165,17105,15292,9807,2230,185053,0.25696744843425645
292,"Tangipahoa Parish, Louisiana",126706,34166,1164,1888,6542,7017,7888,9142,525,92540,0.2696478461951289
293,"Terrebonne Parish, Louisiana",107413,27232,2318,2526,6672,7201,5224,2071,1220,80181,0.2535261095025742
294,"Androscoggin County, Maine",103541,23988,1456,1015,4481,5516,4801,5627,1092,79553,0.23167634077322027
295,"Aroostook County, Maine",65354,11934,880,630,2439,2893,2731,1879,482,53420,0.18260550234109618
296,"Cumberland County, Maine",284923,63806,3523,2616,12729,11782,13562,15587,4007,221117,0.223941205167712
297,"Kennebec County, Maine",118371,25001,1323,1155,4010,5989,5868,5790,866,93370,0.21120882648621706
298,"Penobscot County, Maine",147091,34816,2023,955,5873,6355,6223,11016,2371,112275,0.23669701069406013
299,"York County, Maine",199882,39626,2648,1328,7425,9985,8763,7480,1997,160256,0.19824696570976877
300,"Allegany County, Maryland",69037,15134,418,792,2686,2926,3071,4843,398,53903,0.21921578284108523
301,"Anne Arundel County, Maryland",555751,144272,10821,5326,27860,32671,26372,32455,8767,411479,0.2595982733274434
302,"Baltimore County, Maryland",801144,206656,12245,8341,38780,41531,41978,49939,13842,594488,0.2579511298842655
303,"Calvert County, Maryland",89173,23228,1272,804,4273,5678,5926,3658,1617,65945,0.2604824330234488
304,"Carroll County, Maryland",163485,41675,2829,1448,7442,8725,9884,8769,2578,121810,0.25491635318224914
305,"Cecil County, Maryland",99400,23916,950,1072,6548,4828,4954,4172,1392,75484,0.2406036217303823
306,"Charles County, Maryland",155748,43373,2886,2234,7822,8353,10384,8471,3223,112375,0.2784819066697486
307,"Frederick County, Maryland",246928,67524,4087,3619,13359,13249,14152,15294,3764,179404,0.2734562301561589
308,"Harford County, Maryland",245349,62856,4918,2810,12564,11431,13963,13943,3227,182493,0.2561901617695609
309,"Howard County, Maryland",312533,88575,5384,3591,17604,19010,19637,15809,7540,223958,0.28341007189640777
310,"Montgomery County, Maryland",1012147,269929,18683,14694,54017,53187,56639,52159,20550,742218,0.26668952237175036
311,"Prince George's County, Maryland",872186,238221,11800,12531,43204,43777,45647,60765,20497,633965,0.27313096059785413
312,"St. Mary's County, Maryland",108990,30687,1274,1002,5277,8213,6660,6612,1649,78303,0.28155794109551335
313,"Washington County, Maryland",146183,34040,1513,1731,7260,7449,7900,6127,2060,112143,0.23285881395237476
314,"Wicomico County, Maryland",99647,28707,1348,1495,4079,5716,5213,9744,1112,70940,0.2880869469226369
315,"Baltimore city, Maryland",581870,147836,10982,8559,24568,27229,22806,35710,17982,434034,0.2540704968463746
316,"Barnstable County, Massachusetts",209497,39179,3319,1714,6709,8477,8627,8699,1634,170318,0.1870146111877497
317,"Berkshire County, Massachusetts",123509,26302,1406,1036,4985,4715,6075,7403,682,97207,0.21295614084803535
318,"Bristol County, Massachusetts",545340,133333,7787,6372,24061,28745,28535,31152,6681,412007,0.24449517732057066
319,"Essex County, Massachusetts",763543,180324,12026,7253,35412,40079,39811,37871,7872,583219,0.23616744571032672
320,"Franklin County, Massachusetts",69172,14710,1316,810,3076,2690,3283,2520,1015,54462,0.21265830104666628
321,"Hampden County, Massachusetts",455077,119313,7478,4874,20753,25000,25718,27972,7518,335764,0.2621820043640966
322,"Hampshire County, Massachusetts",158435,55137,1629,1269,4463,6023,6771,31048,3934,103298,0.34801022501341244
323,"Middlesex County, Massachusetts",1565573,416651,31669,17884,68837,69479,79243,105480,44059,1148922,0.26613323045300347
324,"Norfolk County, Massachusetts",683679,176520,13725,6327,33015,34243,37341,36348,15521,507159,0.2581913441834545
325,"Plymouth County, Massachusetts",502553,129689,8956,5890,25969,24901,28324,29088,6561,372864,0.25806034388412763
326,"Suffolk County, Massachusetts",781468,223639,8966,11066,28431,27752,30528,82833,34063,557829,0.2861780648727779
327,"Worcester County, Massachusetts",802920,209574,12424,10223,35003,40417,46666,48541,16300,593346,0.26101479599461963
328,"Allegan County, Michigan",113203,28207,2000,1812,6541,7021,6493,3191,1149,84996,0.24917184173564305
329,"Bay County, Michigan",100540,21881,897,1377,5256,3929,6142,3900,380,78659,0.21763477222995822
330,"Berrien County, Michigan",150059,35335,2989,1335,7507,8465,7207,5678,2154,114724,0.23547404687489587
331,"Calhoun County, Michigan",130269,31841,1941,1341,7616,6820,6489,6586,1048,98428,0.2444249975051624
332,"Clinton County, Michigan",77047,20153,1613,751,3446,4811,4104,4520,908,56894,0.26156761457292305
333,"Eaton County, Michigan",106520,24559,1357,1526,4549,5203,5840,4969,1115,81961,0.23055764175741644
334,"Genesee County, Michigan",393086,93137,6471,4325,19337,22725,22996,13552,3731,299949,0.23693797286090068
335,"Grand Traverse County, Michigan",90233,19174,730,994,4244,5042,4096,3685,383,71059,0.2124943202597719
336,"Ingham County, Michigan",282411,96276,3911,3253,12106,12403,13736,42931,7936,186135,0.3409074009156867
337,"Isabella County, Michigan",68316,25638,645,712,1825,2942,2884,15181,1449,42678,0.3752854382575092
338,"Jackson County, Michigan",153976,36536,1937,1601,6253,8476,8999,8219,1051,117440,0.23728373252974488
339,"Kalamazoo County, Michigan",255827,78536,4349,3846,11365,14716,11732,27276,5252,177291,0.3069887072122958
340,"Kent County, Michigan",629206,166787,11136,11526,33272,35503,35052,32368,7930,462419,0.2650753489318284
341,"Lapeer County, Michigan",86010,18348,900,959,3788,4765,4432,2816,688,67662,0.21332403208929193
342,"Lenawee County, Michigan",95096,22531,1430,1051,4998,4699,4869,4977,507,72565,0.23692899806511314
343,"Livingston County, Michigan",185164,44241,2579,1537,8212,9654,11868,8681,1710,140923,0.23892873344710636
344,"Macomb County, Michigan",847465,195183,13973,10716,40185,37516,45450,39116,8227,652282,0.23031393626875446
345,"Marquette County, Michigan",64694,18030,1424,800,3077,2613,2593,6637,886,46664,0.2786966333817665
346,"Midland County, Michigan",80212,19595,1161,866,4128,4009,4308,4292,831,60617,0.24429013115244602
347,"Monroe County, Michigan",145651,32774,1935,1482,7069,8011,7375,5768,1134,112877,0.22501733596061818
348,"Muskegon County, Michigan",167569,38026,1856,2613,8372,9656,8907,5623,999,129543,0.2269274149753236
349,"Oakland County, Michigan",1218268,289745,19955,13000,52650,61149,67821,55908,19262,928523,0.23783354729829562
350,"Ottawa County, Michigan",280970,84122,5763,4774,14790,15757,14970,25708,2360,196848,0.29939851229668646
351,"Saginaw County, Michigan",184423,45591,2429,2437,9262,9145,10338,10679,1301,138832,0.2472088622351876
352,"St. Clair County, Michigan",154031,32505,1492,1329,7082,7480,8851,5059,1212,121526,0.21102894871811517
353,"Shiawassee County, Michigan",65895,13876,879,1025,2884,3215,3897,1542,434,52019,0.2105774337961909
354,"Van Buren County, Michigan",72863,16430,1588,1020,3622,3960,3849,1994,397,56433,0.22549167615936758
355,"Washtenaw County, Michigan",360741,124649,6213,3796,14578,15361,16241,51835,16625,236092,0.34553599396797147
356,"Wayne County, Michigan",1684424,428474,22153,23355,87635,92655,98440,83476,20760,1255950,0.2543741955707114
357,"Anoka County, Minnesota",340918,86712,5411,3602,18705,19533,20458,15454,3549,254206,0.25434855302448095
358,"Blue Earth County, Minnesota",64437,21472,1017,455,3121,2708,2728,10056,1387,42965,0.3332247000946661
359,"Carver County, Minnesota",100044,28299,2295,1222,6189,7058,7163,3598,774,71745,0.2828655391627684
360,"Dakota County, Minnesota",409776,106393,7832,6220,21403,22807,25907,17448,4776,303383,0.25963697239467415
361,"Hennepin County, Minnesota",1209137,314771,23765,13712,61257,61216,57799,70145,26877,894366,0.26032699354994515
362,"Olmsted County, Minnesota",149363,40692,3260,1461,7962,9135,8827,7675,2372,108671,0.2724369489097032
363,"Ramsey County, Minnesota",526384,143853,8483,7310,30112,25789,26448,33751,11960,382531,0.2732852822274233
364,"Rice County, Minnesota",64276,20690,1049,860,2982,3952,3935,7640,272,43586,0.32189308606633893
365,"St. Louis County, Minnesota",193688,49333,2853,1816,7887,9009,8247,17206,2315,144355,0.2547034405848581
366,"Scott County, Minnesota",141329,40619,3129,1982,9057,9615,9315,5462,2059,100710,0.2874073969249057
367,"Sherburne County, Minnesota",91858,25345,1945,1378,4968,5870,5070,5382,732,66513,0.2759149992379542
368,"Stearns County, Minnesota",153750,48667,2857,1990,7814,8145,8797,17236,1828,105083,0.31653333333333333
369,"Washington County, Minnesota",250587,67515,4817,3863,13381,15409,16555,9474,4016,183072,0.2694273845011912
370,"Wright County, Minnesota",130479,35247,2310,2600,7609,8629,8876,3732,1491,95232,0.2701354240912331
371,"DeSoto County, Mississippi",174846,48807,3509,1681,10342,11743,12452,8154,926,126039,0.2791427885110326
372,"Forrest County, Mississippi",72324,23264,1453,1694,2720,3292,4467,8440,1198,49060,0.3216636247995133
373,"Harrison County, Mississippi",198633,48568,4021,2909,11796,10339,9587,8658,1258,150065,0.2445112342863472
374,"Hinds County, Mississippi",229864,68933,4811,3328,12042,13970,12382,17812,4588,160931,0.29988601955939165
375,"Jackson County, Mississippi",139730,36177,1303,1197,8754,9667,8483,5919,854,103553,0.2589064624633221
376,"Jones County, Mississippi",66029,15940,901,1065,2856,2650,4732,3232,504,50089,0.24140907782943857
377,"Lauderdale County, Mississippi",72687,17787,692,1821,3520,3944,3846,3639,325,54900,0.24470675636633785
378,"Lee County, Mississippi",81566,18981,969,1084,5329,4705,3991,2536,367,62585,0.2327072554740946
379,"Madison County, Mississippi",102187,29661,2665,2298,5332,6555,5732,5076,2003,72526,0.2902619707007741
380,"Rankin County, Mississippi",148270,38190,2673,1443,8272,8378,8777,6478,2169,110080,0.2575706481419033
381,"Boone County, Missouri",173610,63934,4074,1302,8178,8210,7022,28396,6752,109676,0.36826219687806
382,"Buchanan County, Missouri",84876,19085,991,1137,3925,4890,4177,3296,669,65791,0.22485743908761016
383,"Cape Girardeau County, Missouri",75454,21742,656,838,4215,4010,2908,7874,1241,53712,0.28814907095713943
384,"Cass County, Missouri",101654,24418,1386,2078,5920,5767,6018,1926,1323,77236,0.24020697660692153
385,"Christian County, Missouri",83663,23090,995,959,6114,4906,5282,3984,850,60573,0.2759881907175215
386,"Clay County, Missouri",237186,58766,3198,2533,13298,14519,13796,8731,2691,178420,0.247763358714258
387,"Cole County, Missouri",73815,17791,1068,1053,3133,4617,3994,3243,683,56024,0.24102147260041998
388,"Franklin County, Missouri",99878,24168,1518,1028,5319,5745,4917,4531,1110,75710,0.2419752097559022
389,"Greene County, Missouri",281190,79720,4833,4311,11202,12747,11938,29485,5204,201470,0.28350937088801165
390,"Jackson County, Missouri",676739,169419,13628,8933,37536,36348,34006,29602,9366,507320,0.25034614526427473
391,"Jasper County, Missouri",115832,29328,2022,1658,6127,7728,6220,4981,592,86504,0.253194281373023
392,"Jefferson County, Missouri",217113,53960,4634,2336,10870,12968,12078,8487,2587,163153,0.2485341734488492
393,"Platte County, Missouri",99905,25659,2098,1542,4620,6593,5281,3551,1974,74246,0.25683399229267806
394,"St. Charles County, Missouri",386117,101600,8153,4621,20099,21876,22061,20265,4525,284517,0.2631326774008914
395,"St. Francois County, Missouri",64773,13727,493,749,2685,3983,3661,1860,296,51046,0.21192472172046994
396,"St. Louis County, Missouri",963052,241145,18273,11400,48248,48905,52833,45535,15951,721907,0.2503966556323023
397,"St. Louis city, Missouri",290217,64369,4561,2476,11414,14235,9543,13196,8944,225848,0.22179610429437283
398,"Cascade County, Montana",77924,16318,1142,1036,3657,3785,3708,2501,489,61606,0.20940916790719163
399,"Flathead County, Montana",98899,19483,751,1227,5351,5023,4409,2247,475,79416,0.1969989585334533
400,"Gallatin County, Montana",108827,33260,1586,1635,4600,6321,4386,12245,2487,75567,0.3056226855467853
401,"Lewis and Clark County, Montana",66202,14172,517,809,2999,3869,2865,2573,540,52030,0.21407208241442857
402,"Missoula County, Montana",115795,29932,2324,1175,3815,5443,4660,9881,2634,85863,0.2584912992788981
403,"Yellowstone County, Montana",155236,36718,3006,1676,8373,9104,7646,4816,2097,118518,0.23653018629699296
404,"Douglas County, Nebraska",541349,154187,10265,8462,31260,29653,31962,31464,11121,387162,0.28481995902827933
405,"Lancaster County, Nebraska",306870,96980,7399,4736,14765,16564,15479,30676,7361,209890,0.3160295890768078
406,"Sarpy County, Nebraska",177139,51569,2516,2836,11228,11320,11970,8937,2762,125570,0.2911216615200492
407,"Clark County, Nevada",2152119,521055,27450,24790,113062,119720,120843,94099,21091,1631064,0.24211254117453543
408,"Washoe County, Nevada",449662,109534,5941,5062,22873,21875,22849,24511,6423,340128,0.24359185343658127
409,"Cheshire County, New Hampshire",74399,19002,567,479,3001,3671,3528,6942,814,55397,0.2554066586916491
410,"Grafton County, New Hampshire",87548,21296,716,598,3831,2578,3441,7654,2478,66252,0.24324941746242063
411,"Hillsborough County, New Hampshire",403385,94033,6073,4593,17505,21185,21368,17985,5324,309352,0.2331098082477038
412,"Merrimack County, New Hampshire",147257,35159,2263,1690,6039,7269,7074,8880,1944,112098,0.23875944776818758
413,"Rockingham County, New Hampshire",300232,64606,4564,2458,12842,15019,16470,10767,2486,235626,0.21518692211356552
414,"Strafford County, New Hampshire",125704,35869,2198,1702,4580,5496,5403,14567,1923,89835,0.2853449373130529
415,"Atlantic County, New Jersey",256534,63957,3882,2259,14373,12230,12711,15130,3372,192577,0.2493119820374687
416,"Bergen County, New Jersey",907327,226138,15860,11583,43681,45174,50485,48073,11282,681189,0.24923539142999163
417,"Burlington County, New Jersey",432754,103889,8175,5863,19376,21976,22258,21769,4472,328865,0.24006479431732577
418,"Camden County, New Jersey",488276,127798,8695,5282,25163,30219,23649,25711,9079,360478,0.2617331181544864
419,"Cape May County, New Jersey",90222,15581,689,643,2737,4038,3696,2702,1076,74641,0.1726962381680743
420,"Cumberland County, New Jersey",144842,36994,2121,1905,7967,9068,8280,7243,410,107848,0.255409342593999
421,"Essex County, New Jersey",768463,208682,19690,12059,40665,42298,42047,37640,14283,559781,0.27155764168216295
422,"Gloucester County, New Jersey",283494,75196,4620,2851,14158,15628,15866,17616,4457,208298,0.2652472362730781
423,"Hudson County, New Jersey",646169,149164,12685,6231,30085,28585,26194,30036,15348,497005,0.23084363378620762
424,"Hunterdon County, New Jersey",121854,28141,1604,1928,4852,5752,7632,5469,904,93713,0.2309403056116336
425,"Mercer County, New Jersey",358812,94159,5004,3035,18823,17925,18100,23603,7669,264653,0.26241875968473743
426,"Middlesex County, New Jersey",801067,217526,15696,10954,37800,40270,41733,57244,13829,583541,0.27154532642088614
427,"Monmouth County, New Jersey",603171,148010,10635,6240,26953,34493,35438,26060,8191,455161,0.2453864658612566
428,"Morris County, New Jersey",480255,124087,9442,4718,21025,27182,29066,24688,7966,356168,0.25837732038188044
429,"Ocean County, New Jersey",577440,146030,10055,8179,33638,30185,31576,24034,8363,431410,0.2528920753671377
430,"Passaic County, New Jersey",481973,127936,9209,7942,27713,24934,28400,25856,3882,354037,0.26544225506408037
431,"Salem County, New Jersey",60699,14424,876,493,2795,4043,3091,2467,659,46275,0.23763159195373895
432,"Somerset County, New Jersey",323202,88526,7287,3317,14930,19254,19675,18808,5255,234676,0.2739030080259404
433,"Sussex County, New Jersey",136971,32289,2173,1757,5217,7567,7302,7025,1248,104682,0.23573603171474253
434,"Union County, New Jersey",537663,140722,12143,8139,29502,28319,29290,26754,6575,396941,0.26172900125171344
435,"Warren County, New Jersey",103375,24909,1785,683,4792,4820,6420,5386,1023,78466,0.2409576783555018
436,"Bernalillo County, New Mexico",656309,168619,10279,6694,27718,38594,33500,40394,11440,487690,0.2569201397512452
437,"Chaves County, New Mexico",61935,16784,1269,1141,3747,4534,3332,2723,38,45151,0.27099378380560263
438,"Do√±a Ana County, New Mexico",210291,64439,2599,2844,12931,12982,11094,20194,1795,145852,0.3064277596283246
439,"Lea County, New Mexico",66925,19240,841,938,4360,6128,3997,2696,280,47685,0.28748599178184536
440,"McKinley County, New Mexico",69825,20108,985,1351,3498,6320,4772,2880,302,49717,0.28797708557107055
441,"Otero County, New Mexico",64551,17004,756,1062,4119,3501,4306,2626,634,47547,0.26341962169447414
442,"Sandoval County, New Mexico",141182,35796,1369,1325,7613,8659,8552,6824,1454,105386,0.2535450694847785
443,"San Juan County, New Mexico",119240,32269,1753,1592,7647,7047,7634,5078,1518,86971,0.2706222744045622
444,"Santa Fe County, New Mexico",146390,30436,1555,1883,5745,6913,7163,5389,1788,115954,0.20791037639183005
445,"Valencia County, New Mexico",74006,19283,1364,598,4131,4433,4457,3198,1102,54723,0.2605599545982758
446,"Albany County, New York",298396,81475,4007,2817,11005,13222,15900,28061,6463,216921,0.27304320433249774
447,"Bronx County, New York",1369100,393413,24632,19396,75945,83830,82813,87577,19220,975687,0.28735154481045944
448,"Broome County, New York",186197,48697,2132,3000,7904,7702,8776,14054,5129,137500,0.261534826017605
449,"Cattaraugus County, New York",74816,17500,1368,911,3737,3640,3860,3844,140,57316,0.23390718562874252
450,"Cayuga County, New York",74611,15334,878,1249,3313,2722,3845,2971,356,59277,0.20551929340177721
451,"Chautauqua County, New York",123912,28053,1833,1391,5292,5900,5916,6633,1088,95859,0.22639453805926787
452,"Chemung County, New York",81820,16627,1137,1700,3902,3073,3622,2637,556,65193,0.20321437301393303
453,"Clinton County, New York",78109,16910,525,865,2860,3695,3400,4777,788,61199,0.21649233763074677
454,"Dutchess County, New York",285351,70455,3658,2833,11095,12401,16176,20122,4170,214896,0.24690644154041863
455,"Erie County, New York",889850,215193,12843,8142,43086,40599,44333,51987,14203,674657,0.2418306456144294
456,"Jefferson County, New York",106461,25227,1301,1802,6246,5131,5456,4394,897,81234,0.23696001352607998
457,"Kings County, New York",2471781,630954,47529,37825,124816,129217,123126,128848,39593,1840827,0.2552629055729452
458,"Livingston County, New York",61566,17416,809,888,2261,2384,2879,7802,393,44150,0.2828834096741708
459,"Madison County, New York",68905,17380,785,964,2927,2915,3414,6226,149,51525,0.25223133299470285
460,"Monroe County, New York",719185,186477,11353,8721,32624,34241,38263,46774,14501,532708,0.2592893344549733
461,"Nassau County, New York",1315740,336306,22721,15036,63853,65975,71284,74956,22481,979434,0.2556021706416161
462,"New York County, New York",1580776,319698,22826,8885,51112,52452,47431,91059,45933,1261078,0.20224117775067435
463,"Niagara County, New York",204345,44613,2735,2018,8341,9173,11474,8487,2385,159732,0.21832195551640607
464,"Oneida County, New York",222413,52438,1938,2107,10689,11843,10827,12883,2151,169975,0.23576859266319863
465,"Onondaga County, New York",445920,116283,7309,6049,21807,19631,23057,31744,6686,329637,0.2607709903121636
466,"Ontario County, New York",106706,27651,1124,1933,4878,4589,5997,7584,1546,79055,0.2591325698648623
467,"Orange County, New York",367572,106011,7058,5810,19926,22815,24416,23068,2918,261561,0.2884088015409226
468,"Oswego County, New York",114102,28202,1045,603,5610,6004,5788,8109,1043,85900,0.24716481744404128
469,"Putnam County, New York",96372,23864,1348,793,4310,4723,5547,5348,1795,72508,0.24762379114265554
470,"Queens County, New York",2195732,514867,34535,23069,92733,103894,100831,125324,34481,1680865,0.23448535613635907
471,"Rensselaer County, New York",155008,38945,2495,1228,7373,6788,7473,11403,2185,116063,0.25124509702725023
472,"Richmond County, New York",460231,111746,6538,3972,23888,23278,23724,23492,6854,348485,0.2428041570428763
473,"Rockland County, New York",310487,95503,7043,4884,20945,21473,21290,16532,3336,214984,0.3075909780441693
474,"St. Lawrence County, New York",104750,30071,1606,989,5135,4721,5068,11364,1188,74679,0.28707398568019094
475,"Saratoga County, New York",222726,50251,2917,1903,9627,10605,12326,10903,1970,172475,0.22561802393972863
476,"Schenectady County, New York",150005,36885,1663,1678,6687,8775,8186,7815,2081,113120,0.24589180360654644
477,"Steuben County, New York",93162,19707,1104,1368,5063,4361,4277,3101,433,73455,0.2115347459264507
478,"Suffolk County, New York",1434003,361066,22884,18183,62254,72233,81133,83096,21283,1072937,0.2517888735239745
479,"Sullivan County, New York",72985,16368,1154,625,3167,4035,3840,3298,249,56617,0.2242652599849284
480,"Tompkins County, New York",100539,40603,1187,833,3231,3323,3479,22823,5727,59936,0.4038532310844548
481,"Ulster County, New York",174124,39194,1776,1995,6328,7295,8223,11190,2387,134930,0.22509246284257195
482,"Warren County, New York",62613,12135,986,643,3183,1918,2862,2080,463,50478,0.193809592257199
483,"Wayne County, New York",87167,19590,1214,1193,4018,4873,4262,3321,709,67577,0.22474101437470603
484,"Westchester County, New York",937877,245350,19072,9598,46741,47142,57922,49062,15813,692527,0.26160146799633643
485,"Alamance County, North Carolina",160670,40473,2101,1829,8363,8804,9200,9375,801,120197,0.2519014128337586
486,"Brunswick County, North Carolina",133942,21737,1844,685,4364,4621,5803,3451,969,112205,0.1622866613907512
487,"Buncombe County, North Carolina",251718,51661,3220,3270,9148,11354,10085,11821,2763,200057,0.20523363446396364
488,"Burke County, North Carolina",88094,17621,474,1008,4475,3916,4144,3186,418,70473,0.20002497332394942
489,"Cabarrus County, North Carolina",204257,59514,5605,1762,11718,12447,15603,10196,2183,144743,0.29136822728229633
490,"Caldwell County, North Carolina",79570,15598,1286,747,4417,2874,3336,2701,237,63972,0.1960286540153324
491,"Carteret County, North Carolina",67399,12956,895,546,2245,3067,3048,2274,881,54443,0.19222837134082107
492,"Catawba County, North Carolina",154122,37871,2491,1340,7751,8907,8597,7476,1309,116251,0.2457209223861616
493,"Chatham County, North Carolina",70923,14399,898,437,3006,3811,3620,2167,460,56524,0.20302299677114619
494,"Cleveland County, North Carolina",95218,22366,666,1351,4539,5312,5335,4929,234,72852,0.23489256233065176
495,"Craven County, North Carolina",99571,24775,1949,1722,6614,4386,3219,6071,814,74796,0.24881742676080384
496,"Cumberland County, North Carolina",317547,88545,5531,4200,17511,17526,17920,21101,4756,229002,0.27884061257073756
497,"Davidson County, North Carolina",161198,34012,1413,2916,7351,8546,8786,3619,1381,127186,0.21099517363739004
498,"Durham County, North Carolina",304659,83310,5814,4285,11644,14201,14112,20790,12464,221349,0.2734532707059368
499,"Forsyth County, North Carolina",365991,92615,5695,4289,19681,18913,19777,19281,4979,273376,0.2530526706940881
500,"Franklin County, North Carolina",65596,13155,460,1142,2095,4452,2890,1583,533,52441,0.20054576498566987
501,"Gaston County, North Carolina",214461,50593,2444,3520,11571,9882,12031,9434,1711,163868,0.23590769417283328
502,"Guilford County, North Carolina",514868,148006,7766,5491,24922,27770,27661,45765,8631,366862,0.287463971347996
503,"Harnett County, North Carolina",128588,36516,1379,2389,7640,6927,8149,8558,1474,92072,0.28397673188789
504,"Henderson County, North Carolina",113968,21985,956,2760,4172,4653,5344,3862,238,91983,0.19290502597220271
505,"Iredell County, North Carolina",172957,41096,2231,2294,9271,10458,9197,6378,1267,131861,0.23760819163144598
506,"Johnston County, North Carolina",194714,51096,1826,3298,9449,12729,13095,9492,1207,143618,0.26241564551085184
507,"Lincoln County, North Carolina",81491,17367,919,620,3608,4574,4665,2600,381,64124,0.21311555877336147
508,"Mecklenburg County, North Carolina",1051826,273488,18493,14336,56225,57313,56751,52426,17944,778338,0.26001258763331575
509,"Moore County, North Carolina",96080,20370,1254,1459,4226,3481,5939,3114,897,75710,0.21201082431307244
510,"Nash County, North Carolina",91216,21236,1031,1034,5515,4845,4184,3955,672,69980,0.2328100333274864
511,"New Hanover County, North Carolina",226117,59829,2270,2406,11398,9491,9176,21874,3214,166288,0.2645931088772627
512,"Onslow County, North Carolina",187580,46718,3150,2515,11488,9730,7536,9181,3118,140862,0.24905640260155668
513,"Orange County, North Carolina",141752,52116,2233,1756,5462,7994,7073,21251,6347,89636,0.36765618827247587
514,"Pitt County, North Carolina",173511,61252,3849,1470,7762,8989,8603,25386,5193,112259,0.3530150826172404
515,"Randolph County, North Carolina",137561,30848,1441,2089,5747,7667,7193,5874,837,106713,0.22424960562950255
516,"Robeson County, North Carolina",126204,33301,1805,1983,7223,7046,7235,7332,677,92903,0.2638664384647079
517,"Rockingham County, North Carolina",88243,19683,712,1243,3975,5171,4734,3675,173,68560,0.2230545199052616
518,"Rowan County, North Carolina",136329,36289,822,1951,7027,7787,9733,8169,800,100040,0.2661869448173169
519,"Rutherford County, North Carolina",64900,12924,804,928,3000,2721,3063,1780,628,51976,0.19913713405238828
520,"Surry County, North Carolina",69856,14027,741,668,2982,3179,3979,2175,303,55829,0.2007987860742098
521,"Union County, North Carolina",227487,68141,3853,2915,12733,17194,18158,11427,1861,159346,0.2995379955777693
522,"Wake County, North Carolina",1054953,293196,21237,15837,54094,61562,61945,58524,19997,761757,0.27792328189028326
523,"Wayne County, North Carolina",118065,30077,1476,1054,5800,7890,6235,6595,1027,87988,0.25474950239274974
524,"Wilkes County, North Carolina",66414,13115,861,581,3100,3048,3141,2197,187,53299,0.19747342427801368
525,"Wilson County, North Carolina",79237,21462,1389,1305,4880,3753,5345,4323,467,57775,0.2708583111425218
526,"Burleigh County, North Dakota",91497,22232,1578,529,4753,4994,3841,4867,1670,69265,0.24298064417412593
527,"Cass County, North Dakota",173702,52427,4094,2260,9887,7797,7408,17652,3329,121275,0.30182151040287386
528,"Grand Forks County, North Dakota",67761,21617,514,880,3524,3064,2410,9645,1580,46144,0.31901831436962264
529,"Ward County, North Dakota",65153,15302,728,829,3560,3788,2879,3370,148,49851,0.2348625542952742
530,"Allen County, Ohio",99018,26558,2002,1034,4732,5393,5838,7123,436,72460,0.2682138601062433
531,"Ashtabula County, Ohio",93463,17621,907,541,3800,4968,4246,2590,569,75842,0.18853450028353466
532,"Athens County, Ohio",64229,26183,492,216,1450,2830,2130,16678,2387,38046,0.40765074966136794
533,"Belmont County, Ohio",65007,13558,759,1024,2365,3098,3649,2296,367,51449,0.20856215484486287
534,"Butler County, Ohio",369509,105415,5232,5102,16891,21632,23192,28624,4742,264094,0.2852839849638304
535,"Clark County, Ohio",130440,31526,2236,1307,6256,7883,7531,5437,876,98914,0.24168966574670347
536,"Clermont County, Ohio",197675,47127,2925,3122,11404,9907,10242,8088,1439,150548,0.23840647527507272
537,"Columbiana County, Ohio",99770,21891,2003,927,4481,5011,5329,3161,979,77879,0.2194146537035181
538,"Cuyahoga County, Ohio",1201645,286690,16972,14221,53417,59746,63639,61197,17498,914955,0.23858127816451613
539,"Delaware County, Ohio",198473,55589,3772,3084,11797,13078,14112,7224,2522,142884,0.28008343704181426
540,"Erie County, Ohio",72298,13968,989,615,2820,3173,3714,2396,261,58330,0.19320036515532932
541,"Fairfield County, Ohio",150668,38251,1990,1098,7932,8589,10206,6621,1815,112417,0.2538760718931691
542,"Franklin County, Ohio",1254679,337174,22197,17612,65641,66171,61978,81130,22445,917505,0.26873327759530524
543,"Geauga County, Ohio",91337,20111,1162,677,4830,5039,4942,2850,611,71226,0.2201845911295532
544,"Greene County, Ohio",162483,47120,2353,1376,7514,7935,8652,15736,3554,115363,0.2899995691856994
545,"Hamilton County, Ohio",783416,209187,13114,7499,41266,43740,42202,45007,16359,574229,0.2670190550103649
546,"Hancock County, Ohio",72747,18695,1207,932,3618,3552,4058,4193,1135,54052,0.2569865424003739
547,"Jefferson County, Ohio",63815,13526,624,419,2415,3819,2728,3088,433,50289,0.21195643657447308
548,"Lake County, Ohio",224150,49337,3472,3106,9150,10139,13120,8376,1974,174813,0.2201070711577069
549,"Licking County, Ohio",169600,43056,2559,2158,10026,9042,9022,8472,1777,126544,0.25386792452830187
550,"Lorain County, Ohio",298844,72153,4577,3250,13135,14761,17816,14992,3622,226691,0.24144035014924176
551,"Lucas County, Ohio",415579,103912,6646,5982,19461,23406,21893,22108,4416,311667,0.2500415083534057
552,"Mahoning County, Ohio",222331,50779,3491,2259,11552,8762,12450,9798,2467,171552,0.22839370128322187
553,"Marion County, Ohio",62946,14466,973,950,3028,2931,3387,2672,525,48480,0.22981603279001048
554,"Medina County, Ohio",174465,39463,3571,1777,6994,9229,9321,6545,2026,135002,0.2261943656320752
555,"Miami County, Ohio",102933,26023,2312,1217,6506,4241,5820,4759,1168,76910,0.25281493787220816
556,"Montgomery County, Ohio",511918,127914,6634,5918,26158,25539,27724,29101,6840,384004,0.24987204982047906
557,"Muskingum County, Ohio",82475,19385,916,688,4670,4604,4175,3918,414,63090,0.23504092149136102
558,"Portage County, Ohio",158688,43475,2004,1915,7407,6076,6235,17378,2460,115213,0.2739652651744303
559,"Richland County, Ohio",117742,24836,2021,1070,5234,6260,5546,3959,746,92906,0.21093577482971243
560,"Ross County, Ohio",74606,15721,685,1054,3251,3531,4232,2645,323,58885,0.21072031740074526
561,"Scioto County, Ohio",72627,16282,475,842,4618,3170,4423,2421,333,56345,0.2241865972709874
562,"Stark County, Ohio",359620,83014,4775,4161,18312,18080,18604,16787,2295,276606,0.23083810689060674
563,"Summit County, Ohio",525851,126887,8459,6462,24238,25545,27098,27066,8019,398964,0.24129839060874658
564,"Trumbull County, Ohio",192621,37532,1977,1608,8907,9851,9660,4606,923,155089,0.19484895208725944
565,"Tuscarawas County, Ohio",87932,18253,1128,1028,4614,4234,4840,1984,425,69679,0.20758085793567757
566,"Warren County, Ohio",224306,59466,4304,2076,10394,17171,13972,7451,4098,164840,0.26511105364992466
567,"Wayne County, Ohio",111753,28311,1292,2401,4992,7148,5261,6195,1022,83442,0.2533354809266865
568,"Wood County, Ohio",126680,38762,1843,1408,6144,5517,6454,15111,2285,87918,0.30598358067571835
569,"Canadian County, Oklahoma",138850,38470,2434,2206,8394,9120,8315,6445,1556,100380,0.27706157724162767
570,"Cleveland County, Oklahoma",273229,83935,3522,3452,13304,13560,14581,27295,8221,189294,0.307196527454992
571,"Comanche County, Oklahoma",115934,31640,2279,1444,5811,7309,6237,7330,1230,84294,0.2729138992875257
572,"Creek County, Oklahoma",68819,15665,806,1314,3983,3490,3908,2019,145,53154,0.2276260916316715
573,"Muskogee County, Oklahoma",66241,16810,1218,1073,3364,4032,3113,3670,340,49431,0.25377032351564743
574,"Oklahoma County, Oklahoma",756475,205547,13589,11250,47093,45018,39986,37657,10954,550928,0.2717168445751677
575,"Payne County, Oklahoma",78939,32800,1120,829,3682,3804,3142,16044,4179,46139,0.4155107108020117
576,"Pottawatomie County, Oklahoma",70203,19224,1066,727,3719,4130,4331,4609,642,50979,0.27383445151916586
577,"Rogers County, Oklahoma",88919,22068,1338,1711,4486,4948,5744,3301,540,66851,0.24818092871039935
578,"Tulsa County, Oklahoma",621136,166234,10882,9300,35891,37620,35108,30351,7082,454902,0.2676289894644651
579,"Wagoner County, Oklahoma",77400,18892,1099,1123,4487,4830,4299,2295,759,58508,0.2440826873385013
580,"Benton County, Oregon",89490,32310,682,507,3507,3656,3653,16713,3592,57180,0.36104592691920884
581,"Clackamas County, Oregon",402526,93767,5652,4816,18922,21588,21906,16705,4178,308759,0.23294644321112176
582,"Deschutes County, Oregon",186099,37244,2623,1804,7398,9963,8192,6243,1021,148855,0.20013003831294096
583,"Douglas County, Oregon",106925,21944,1305,1022,4058,5590,5091,4059,819,84981,0.20522796352583586
584,"Jackson County, Oregon",212656,45395,3248,2302,10497,9403,9976,7595,2374,167261,0.21346681965239636
585,"Josephine County, Oregon",84474,18004,580,492,4336,3622,4260,3794,920,66470,0.21313066742429623
586,"Klamath County, Oregon",65487,15617,739,571,4345,2928,3282,3432,320,49870,0.23847481179470734
587,"Lane County, Oregon",369080,91592,5179,3669,15032,16177,17688,29189,4658,277488,0.2481629998916224
588,"Linn County, Oregon",123442,28170,1022,1419,6526,6059,6393,5453,1298,95272,0.2282043388797978
589,"Marion County, Oregon",333596,86771,3715,3992,18057,20355,21808,16472,2372,246825,0.26010803486852363
590,"Multnomah County, Oregon",787243,181770,14503,8938,32312,34147,31797,47147,12926,605473,0.23089439982318039
591,"Polk County, Oregon",82352,21270,834,563,3871,5155,4942,5593,312,61082,0.2582815232174082
592,"Umatilla County, Oregon",74489,20304,902,1489,4698,4652,4428,2960,1175,54185,0.2725771590436172
593,"Washington County, Oregon",577996,145664,10441,6009,32724,30375,31056,26681,8378,432332,0.25201558488294035
594,"Yamhill County, Oregon",102907,26665,1617,1309,5586,5339,5659,6315,840,76242,0.2591174555666767
595,"Adams County, Pennsylvania",99988,23381,1205,750,4437,5701,4650,5384,1254,76607,0.23383806056726808
596,"Allegheny County, Pennsylvania",1182134,270204,19218,11069,49192,52165,51431,62366,24763,911930,0.22857307208827427
597,"Armstrong County, Pennsylvania",63333,11908,535,697,2708,2908,3127,1768,165,51425,0.18802204222127486
598,"Beaver County, Pennsylvania",158886,31208,2244,1403,7295,6851,6721,5486,1208,127678,0.1964175572422995
599,"Berks County, Pennsylvania",406977,102349,5665,4377,21474,22581,21815,22158,4279,304628,0.2514859562088275
600,"Blair County, Pennsylvania",118474,26548,1513,1001,6132,4901,6065,6099,837,91926,0.22408292114725595
601,"Bucks County, Pennsylvania",609958,137798,9234,6768,25593,32254,34994,22507,6448,472160,0.22591391538433794
602,"Butler County, Pennsylvania",182872,42296,2463,1672,7698,9797,8878,9528,2260,140576,0.23128745789404612
603,"Cambria County, Pennsylvania",128433,27619,1604,1236,5321,6252,6181,6011,1014,100814,0.21504597727998256
604,"Carbon County, Pennsylvania",62164,11826,585,513,2149,3480,3342,1359,398,50338,0.19023872337687409
605,"Centre County, Pennsylvania",158704,59091,1466,1088,5026,5588,5560,34274,6089,99613,0.37233466075209193
606,"Chester County, Pennsylvania",504450,130589,9639,5730,28261,26642,28330,24638,7349,373861,0.25887402121122016
607,"Clearfield County, Pennsylvania",77559,14138,1148,1020,2776,3328,3467,2060,339,63421,0.18228703309738392
608,"Columbia County, Pennsylvania",63409,17119,662,743,2359,2573,2476,7669,637,46290,0.2699774479963412
609,"Crawford County, Pennsylvania",81786,17092,494,996,3267,4467,4227,3143,498,64694,0.20898442276184187
610,"Cumberland County, Pennsylvania",243239,60351,3379,2533,10192,12894,11128,17046,3179,182888,0.2481139948774662
611,"Dauphin County, Pennsylvania",267014,64239,4952,4009,11173,15416,13582,11324,3783,202775,0.24058289078475287
612,"Delaware County, Pennsylvania",545410,145718,10689,6763,27373,25657,30347,36868,8021,399692,0.2671714856713298
613,"Erie County, Pennsylvania",263151,65088,3468,2832,13036,13144,13484,15363,3761,198063,0.24734088033106466
614,"Fayette County, Pennsylvania",126479,24439,2126,1104,5511,5678,5609,3679,732,102040,0.1932257528917844
615,"Franklin County, Pennsylvania",149283,32590,1571,1550,6212,8701,7584,6098,874,116693,0.21831018937186417
616,"Indiana County, Pennsylvania",82571,22714,1009,846,3019,3406,3033,10245,1156,59857,0.275084472756779
617,"Lackawanna County, Pennsylvania",203363,47168,2065,2231,9635,9950,10359,10064,2864,156195,0.23193993007577582
618,"Lancaster County, Pennsylvania",521535,118461,6498,5319,24462,31271,24670,20598,5643,403074,0.22713911817998791
619,"Lawrence County, Pennsylvania",83271,17574,1456,824,3777,3713,4087,3222,495,65697,0.21104586230500413
620,"Lebanon County, Pennsylvania",136746,31433,1456,2039,6483,8033,7467,4868,1087,105313,0.22986412765272843
621,"Lehigh County, Pennsylvania",355576,86799,5922,5605,17510,19809,18296,14976,4681,268777,0.24410815128130134
622,"Luzerne County, Pennsylvania",308469,69093,4061,2250,12183,16999,16580,14007,3013,239376,0.2239868511908814
623,"Lycoming County, Pennsylvania",109894,25738,1135,1199,4948,4773,5887,6937,859,84156,0.23420750905417947
624,"Mercer County, Pennsylvania",107611,23667,1524,920,4056,5479,5108,5822,758,83944,0.2199310479411956
625,"Monroe County, Pennsylvania",165054,37957,964,2748,5733,8004,9926,8322,2260,127097,0.22996716226204758
626,"Montgomery County, Pennsylvania",802567,198501,14726,8846,40693,40109,44052,35617,14458,604066,0.24733262145091936
627,"Northampton County, Pennsylvania",296826,74094,4612,3513,12205,14024,16052,19894,3794,222732,0.24962099007499344
628,"Northumberland County, Pennsylvania",88089,15627,863,627,4460,3768,3714,1990,205,72462,0.17740012941456937
629,"Philadelphia County, Pennsylvania",1524988,400437,28708,19142,76355,73430,71739,90065,40998,1124551,0.26258370557669963
630,"Schuylkill County, Pennsylvania",138049,28723,1135,863,6089,7975,7327,4346,988,109326,0.2080638034321147
631,"Somerset County, Pennsylvania",71762,12397,603,806,2755,2854,3100,2029,250,59365,0.17275159555196343
632,"Washington County, Pennsylvania",201491,42420,2553,2328,9268,9477,9438,8086,1270,159071,0.21053049515859268
633,"Westmoreland County, Pennsylvania",341643,69992,3823,3681,14299,15438,15665,13728,3358,271651,0.20486882506007734
634,"York County, Pennsylvania",433790,100054,5879,5798,21521,23711,22498,17263,3384,333736,0.23065077572097098
635,"Kent County, Rhode Island",159972,35049,2022,2135,8091,5754,8580,6334,2133,124923,0.21909459155352187
636,"Newport County, Rhode Island",80877,17745,948,786,2284,4169,3379,4487,1692,63132,0.21940724804332504
637,"Providence County, Rhode Island",616202,148371,7508,6440,30208,25590,29479,39932,9214,467831,0.24078305490731935
638,"Washington County, Rhode Island",123695,31502,1971,881,4005,4729,5638,11940,2338,92193,0.25467480496382233
639,"Aiken County, South Carolina",162584,35822,2208,1886,6813,8231,8316,7161,1207,126762,0.2203291836835113
640,"Anderson County, South Carolina",193632,47487,3134,2262,10096,10328,10859,9208,1600,146145,0.24524355478433316
641,"Beaufort County, South Carolina",182597,35147,3315,1488,6945,7055,8248,6271,1825,147450,0.1924839948082389
642,"Berkeley County, South Carolina",213671,54671,4355,4047,12689,9169,11610,10274,2527,159000,0.2558653256642221
643,"Charleston County, South Carolina",391013,91612,4939,3741,17575,18623,18289,21672,6773,299401,0.23429400045522783
644,"Darlington County, South Carolina",65303,16732,422,1145,3137,3866,4153,3592,417,48571,0.2562210005665896
645,"Dorchester County, South Carolina",155815,39813,2060,2270,9889,8607,9490,6272,1225,116002,0.2555145525141995
646,"Florence County, South Carolina",133197,34975,1814,2733,6439,8424,7544,6960,1061,98222,0.2625809890613152
647,"Greenville County, South Carolina",496226,125655,7728,7218,25836,27506,26692,24725,5950,370571,0.2532213144817079
648,"Greenwood County, South Carolina",68486,16106,974,533,3816,3065,3902,3290,526,52380,0.23517215197266594
649,"Horry County, South Carolina",335853,66803,3917,2154,14551,15730,15277,13627,1547,269050,0.19890547352561985
650,"Kershaw County, South Carolina",63343,16581,1261,705,3257,3472,4098,3099,689,46762,0.2617653095053913
651,"Lancaster County, South Carolina",92517,21318,1358,907,4967,5183,4051,3826,1026,71199,0.23042251694283214
652,"Laurens County, South Carolina",64017,15245,355,1061,2908,4146,3277,3128,370,48772,0.23813986909727103
653,"Lexington County, South Carolina",284541,69751,3971,4812,16132,15064,16626,10217,2929,214790,0.24513514748313953
654,"Oconee County, South Carolina",76118,17608,549,1278,4336,3271,3336,3847,991,58510,0.2313250479518642
655,"Orangeburg County, South Carolina",83513,20880,285,1284,4228,5383,3883,5079,738,62633,0.2500209548214051
656,"Pickens County, South Carolina",120360,37713,1099,1666,5153,4921,5795,15971,3108,82647,0.31333499501495515
657,"Richland County, South Carolina",399138,116713,4627,5855,19929,18967,18636,39049,9650,282425,0.2924126492591535
658,"Spartanburg County, South Carolina",302527,77111,2981,3487,18239,16734,17067,15305,3298,225416,0.2548896462133958
659,"Sumter County, South Carolina",103387,27910,3339,1135,5496,5758,6251,5013,918,75477,0.2699565709421881
660,"York County, South Carolina",264562,69027,4005,3633,16273,15517,14483,13656,1460,195535,0.26091048601084055
661,"Minnehaha County, South Dakota",184672,47164,4131,2506,11327,9399,10247,7981,1573,137508,0.2553933460405476
662,"Pennington County, South Dakota",107496,25942,1767,1003,4761,6705,5235,4961,1510,81554,0.24132990995013767
663,"Anderson County, Tennessee",73438,16207,777,821,3791,3861,4265,2157,535,57231,0.22068956126256162
664,"Blount County, Tennessee",128327,26680,1984,2285,5609,5050,6702,4467,583,101647,0.2079063642101818
665,"Bradley County, Tennessee",102893,26501,1044,1180,3441,6771,6066,7257,742,76392,0.2575588232435637
666,"Davidson County, Tennessee",666779,158175,7779,9430,30814,30147,26382,38440,15183,508604,0.23722252800403132
667,"Greene County, Tennessee",66344,14008,448,517,2564,3419,3680,3246,134,52336,0.21114192692632341
668,"Hamilton County, Tennessee",352760,85124,5362,4126,18088,17068,15442,21020,4018,267636,0.24130853838303662
669,"Knox County, Tennessee",451403,125236,8190,4959,22469,22192,23122,34948,9356,326167,0.2774372345775283
670,"Madison County, Tennessee",94077,23678,1604,1079,4364,4573,4906,6088,1064,70399,0.25168744751639616
671,"Maury County, Tennessee",90727,20523,1215,1435,4523,5850,4440,2901,159,70204,0.22620609079987214
672,"Montgomery County, Tennessee",196159,54607,1362,2180,12391,12112,9703,12905,3954,141552,0.2783813131184396
673,"Putnam County, Tennessee",75800,21476,633,255,4066,3151,4310,8119,942,54324,0.2833245382585752
674,"Robertson County, Tennessee",68612,15997,828,604,3529,4336,3592,2827,281,52615,0.2331516352824579
675,"Rutherford County, Tennessee",313242,90101,3866,5616,17710,18023,17690,21481,5715,223141,0.2876402270449046
676,"Sevier County, Tennessee",94554,17949,971,1198,3776,4895,4859,2017,233,76605,0.18982803477378007
677,"Shelby County, Tennessee",897105,241060,14248,14115,45703,53628,52564,45522,15280,656045,0.2687087910556735
678,"Sullivan County, Tennessee",152422,31407,1488,1172,6968,7039,7357,5674,1709,121015,0.2060529319914448
679,"Sumner County, Tennessee",180370,42014,2624,1397,10664,9950,9893,6673,813,138356,0.23293230581582303
680,"Washington County, Tennessee",125310,31055,1056,839,5487,5585,5608,9344,3136,94255,0.24782539302529727
681,"Williamson County, Tennessee",224847,65579,5938,2657,14845,15780,18093,6140,2126,159268,0.2916605513971723
682,"Wilson County, Tennessee",135649,34555,2004,2135,7722,7166,8606,4787,2135,101094,0.2547383320186658
683,"Angelina County, Texas",83493,21206,504,1200,4655,6140,4927,3203,577,62287,0.25398536404249455
684,"Bastrop County, Texas",83702,19640,551,904,4167,6212,5648,1966,192,64062,0.23464194403956895
685,"Bell County, Texas",338262,100542,5637,5715,20261,22493,19779,23130,3527,237720,0.2972311403586569
686,"Bexar County, Texas",1903740,541340,29809,28044,109498,115955,110841,116816,30377,1362400,0.2843560570245937
687,"Bowie County, Texas",90832,21987,1147,1677,4712,5915,4808,2632,1096,68845,0.24206226880394574
688,"Brazoria County, Texas",356557,103861,7251,5282,21272,22591,20784,20368,6313,252696,0.2912886298684362
689,"Brazos County, Texas",219446,97200,3676,2802,9887,10715,10410,48082,11628,122246,0.4429335690784977
690,"Cameron County, Texas",403769,120238,9314,7756,27785,28131,27658,17766,1828,283531,0.2977890823713559
691,"Collin County, Texas",971210,284815,19554,14195,51902,66100,65675,51015,16374,686395,0.29325789479103387
692,"Comal County, Texas",143511,32306,1914,2185,7406,7503,6674,5652,972,111205,0.2251116639142644
693,"Coryell County, Texas",72424,20168,1585,1052,2963,4346,5200,4812,210,52256,0.27847122500828453
694,"Dallas County, Texas",2520916,683952,42108,37626,152900,156199,148604,116018,30497,1836964,0.27131090444901773
695,"Denton County, Texas",828865,242860,15163,13262,45985,48745,50161,57704,11840,586005,0.2930030825285179
696,"Ector County, Texas",154109,44137,1990,3489,9583,9318,12298,6248,1211,109972,0.2864011835778572
697,"Ellis County, Texas",171882,48132,1718,2641,11222,11146,11538,8492,1375,123750,0.2800293224421405
698,"El Paso County, Texas",804244,252947,8937,12510,48551,53319,51921,64751,12958,551297,0.31451524661669844
699,"Fort Bend County, Texas",755477,231833,16374,12900,47341,51883,51304,43177,8854,523644,0.3068696995408199
700,"Galveston County, Texas",324929,88200,5110,3261,19726,18945,19407,15990,5761,236729,0.2714439154399884
701,"Grayson County, Texas",130245,32799,1756,873,6534,7835,6841,7405,1555,97446,0.25182540596568004
702,"Gregg County, Texas",118894,29600,1370,446,6395,9101,6486,5498,304,89294,0.24896125960939997
703,"Guadalupe County, Texas",158699,42387,2692,1742,10407,9370,10032,6386,1758,116312,0.26709052987101367
704,"Harris County, Texas",4483993,1289268,78062,69848,277666,281237,275995,245442,61018,3194725,0.2875267646492758
705,"Harrison County, Texas",64995,17149,185,612,4804,3276,5409,2727,136,47846,0.26385106546657433
706,"Hays County, Texas",214092,69811,2743,2294,10614,12292,10245,28562,3061,144281,0.326079442482671
707,"Henderson County, Texas",78968,15395,1214,804,3396,4553,3460,1711,257,63573,0.19495238577651708
708,"Hidalgo County, Texas",822000,274863,16152,15551,65269,64396,64853,43536,5106,547137,0.3343832116788321
709,"Hunt County, Texas",93655,24244,1062,973,4812,5535,5984,4934,944,69411,0.25886498318295875
710,"Jefferson County, Texas",245214,62619,3528,3975,12816,14473,14285,11209,2333,182595,0.2553647018522597
711,"Johnson County, Texas",164556,33964,2224,1945,9013,7810,7870,3994,1108,130592,0.20639782201803641
712,"Kaufman County, Texas",122974,31706,1057,2400,6166,9073,8366,4151,493,91268,0.25782685770975977
713,"Liberty County, Texas",82622,21200,1477,1310,4369,6059,5431,1862,692,61422,0.2565902544116579
714,"Lubbock County, Texas",295218,103912,5552,3997,15957,15973,15894,39658,6881,191306,0.3519839576177604
715,"McLennan County, Texas",243459,74731,3760,2682,13250,15779,13465,22278,3517,168728,0.3069551752040385
716,"Midland County, Texas",164285,48474,2269,2994,10319,11511,8821,11358,1202,115811,0.2950604133061448
717,"Montgomery County, Texas",563689,160151,8555,9123,33420,39199,36361,27062,6431,403538,0.2841123385412878
718,"Nacogdoches County, Texas",63718,23079,1599,1736,3485,2702,4079,9124,354,40639,0.36220534228946294
719,"Nueces County, Texas",347641,90165,5635,5518,18420,20310,19195,18522,2565,257476,0.2593623882108267
720,"Orange County, Texas",79145,19358,1219,1214,3893,5107,3929,3674,322,59787,0.24458904542295787
721,"Parker County, Texas",132979,33395,1655,1607,7655,8081,8746,4327,1324,99584,0.2511298776498545
722,"Potter County, Texas",115246,32563,2567,1504,7593,7505,6087,5918,1389,82683,0.2825521059299238
723,"Randall County, Texas",130410,33897,847,1499,7797,7960,7337,6952,1505,96513,0.25992638601334256
724,"Rockwall County, Texas",96539,26334,1105,1569,6302,7158,6313,2811,1076,70205,0.272780948632159
725,"San Patricio County, Texas",64395,16687,1167,1081,3960,4412,3377,2263,427,47708,0.2591350260113363
726,"Smith County, Texas",222031,60516,4238,4201,12280,11248,13275,12021,3253,161515,0.27255653489827997
727,"Tarrant County, Texas",1996842,562622,30314,31501,118883,126060,126018,102836,27010,1434220,0.2817558925543433
728,"Taylor County, Texas",132118,39090,2209,1596,6885,8370,6886,11662,1482,93028,0.29587187211432203
729,"Tom Green County, Texas",113850,31117,1689,1171,5411,7916,6009,8648,273,82733,0.2733157663592446
730,"Travis County, Texas",1202807,316228,23006,12049,60209,64212,58793,73733,24226,886579,0.26290834689189535
731,"Victoria County, Texas",87886,23059,703,1228,4443,7488,4451,4249,497,64827,0.2623739844798944
732,"Walker County, Texas",71005,21006,467,408,3126,2839,1672,12403,91,49999,0.29583832124498277
733,"Webb County, Texas",260360,89794,4895,5996,19101,21953,21091,15194,1564,170566,0.34488400675987096
734,"Wichita County, Texas",126448,31765,1930,1049,6556,6527,6162,7657,1884,94683,0.2512099835505504
735,"Williamson County, Texas",544586,149060,9419,9022,31326,33450,35421,24008,6414,395526,0.2737125082172513
736,"Wise County, Texas",65796,17055,1119,710,3865,4057,4184,2717,403,48741,0.2592102863395951
737,"Cache County, Utah",120349,48365,2117,2466,9110,7365,8907,16242,2158,71984,0.40187288635551605
738,"Davis County, Utah",333234,114014,6875,6003,23476,27232,24989,21383,4056,219220,0.34214395889975213
739,"Salt Lake County, Utah",1102209,337790,21089,15800,70599,71065,70205,71510,17522,764419,0.30646637797368736
740,"Tooele County, Utah",66917,21748,911,1607,3164,6340,6533,2894,299,45169,0.3249996264028573
741,"Utah County, Utah",586971,244499,12215,10323,45266,46731,46809,74592,8563,342472,0.4165435771102831
742,"Washington County, Utah",164372,46006,2905,2325,9840,10099,11287,8045,1505,118366,0.27988951889616237
743,"Weber County, Utah",245127,73199,3085,3489,17551,15940,16487,14076,2571,171928,0.29861663545835426
744,"Chittenden County, Vermont",160476,46093,3074,1793,5192,7953,7206,17535,3340,114383,0.2872267504175079
745,"Albemarle County, Virginia",104928,30172,1909,984,4162,5401,4478,9618,3620,74756,0.28754955779200975
746,"Arlington County, Virginia",228567,48244,4766,2200,8547,9389,7457,6363,9522,180323,0.2110715895120468
747,"Augusta County, Virginia",73792,14010,1021,252,2897,4272,3306,1578,684,59782,0.18985797918473546
748,"Bedford County, Virginia",76471,16098,675,1105,3411,3648,4045,2421,793,60373,0.2105111741706006
749,"Chesterfield County, Virginia",334977,86346,4331,4605,18118,19237,20234,15191,4630,248631,0.25776695116381126
750,"Fairfax County, Virginia",1108682,305937,19535,14448,59823,60508,65652,63550,22421,802745,0.2759465744009554
751,"Fauquier County, Virginia",68526,17287,1754,245,3150,4161,4675,2722,580,51239,0.25226921168607536
752,"Frederick County, Virginia",85617,20662,886,1944,4437,4905,5097,2246,1147,64955,0.24133057687141574
753,"Hanover County, Virginia",104673,27637,1537,1552,5029,6251,6579,5487,1202,77036,0.2640317942544878
754,"Henrico County, Virginia",317221,79698,5154,4994,17029,16194,17896,14447,3984,237523,0.2512380958385479
755,"James City County, Virginia",74380,17560,461,328,4064,4769,3201,2390,2347,56820,0.23608496907770907
756,"Loudoun County, Virginia",390468,120349,9283,6283,25211,28355,26279,18767,6171,270119,0.3082173187047338
757,"Montgomery County, Virginia",96842,40511,613,326,2871,3988,3144,25888,3681,56331,0.41832056339191676
758,"Prince William County, Virginia",447529,131755,8188,6073,25939,30421,31764,23391,5979,315774,0.2944055022132644
759,"Roanoke County, Virginia",92618,19864,2166,677,4708,4002,4907,2715,689,72754,0.21447234878749272
760,"Rockingham County, Virginia",78678,19531,777,819,4443,3678,4373,4844,597,59147,0.2482396603879102
761,"Spotsylvania County, Virginia",128998,34245,1944,1256,7955,7059,9307,4509,2215,94753,0.26546923208111756
762,"Stafford County, Virginia",144804,43358,2001,1676,8775,9355,9893,7702,3956,101446,0.2994254302367338
763,"York County, Virginia",65702,18559,1257,1045,4583,3149,4143,3473,909,47143,0.2824723752701592
764,"Alexandria city, Virginia",153811,32686,2907,1674,6244,5020,6611,6792,3438,121125,0.21250755797699775
765,"Chesapeake city, Virginia",235425,64753,4497,3161,13737,12664,13549,13160,3985,170672,0.27504725496442606
766,"Hampton city, Virginia",129103,32965,1284,2031,4436,7758,5865,9375,2216,96138,0.2553387605245424
767,"Lynchburg city, Virginia",78605,30194,1116,904,4460,2599,2495,16212,2408,48411,0.38412314738248204
768,"Newport News city, Virginia",170725,46012,2516,1790,7886,10789,7472,12725,2834,124713,0.2695094450139113
769,"Norfolk city, Virginia",234599,62412,3942,3140,9700,10703,8106,22316,4505,172187,0.2660369396288987
770,"Portsmouth city, Virginia",90594,20658,1381,1357,5821,3333,4093,4378,295,69936,0.2280283462480959
771,"Richmond city, Virginia",221789,56317,2524,3384,6567,9662,6545,19918,7717,165472,0.2539215200032463
772,"Roanoke city, Virginia",95611,20635,1631,1896,5667,3600,4032,2631,1178,74976,0.21582244720795724
773,"Suffolk city, Virginia",87589,22714,1178,1156,4747,4793,5757,3102,1981,64875,0.2593248010594938
774,"Virginia Beach city, Virginia",433309,112052,7949,5427,22139,21495,22454,25499,7089,321257,0.25859605962488663
775,"Benton County, Washington",193828,50946,3293,2550,11806,12726,12425,7121,1025,142882,0.26284128196132656
776,"Chelan County, Washington",74910,16889,1021,1870,3915,3406,3736,2606,335,58021,0.22545721532505675
777,"Clallam County, Washington",74948,13573,639,1155,2415,3550,2960,2629,225,61375,0.18109889523402892
778,"Clark County, Washington",465271,114504,6795,5382,26415,26162,26555,20552,2643,350767,0.24610173425809903
779,"Cowlitz County, Washington",105857,24682,1968,1046,5373,6363,5086,3997,849,81175,0.23316360750824225
780,"Franklin County, Washington",88921,29192,1472,2025,6254,7937,6882,3481,1141,59729,0.32829140473004126
781,"Grant County, Washington",92958,26603,1589,1269,6985,6568,6262,3720,210,66355,0.28618300737967683
782,"Grays Harbor County, Washington",72180,15294,1048,683,2950,3547,4798,2028,240,56886,0.21188694929343307
783,"Island County, Washington",81635,15070,947,526,2872,4096,2082,3861,686,66565,0.18460219268696024
784,"King County, Washington",2157617,517924,41293,25472,101983,96972,94107,121651,36446,1639693,0.2400444564535782
785,"Kitsap County, Washington",260419,56573,3231,3935,12454,10325,12356,11635,2637,203846,0.21723837354417305
786,"Lewis County, Washington",76998,17241,1165,626,3454,4128,3740,3888,240,59757,0.2239149068806982
787,"Mason County, Washington",63625,13062,566,917,2489,2776,2847,3349,118,50563,0.2052966601178782
788,"Pierce County, Washington",855876,212857,12674,12320,48547,44577,43689,40381,10669,643019,0.24870074636980125
789,"Skagit County, Washington",123531,26974,1266,1351,6021,6493,6984,3980,879,96557,0.21835814491908914
790,"Snohomish County, Washington",784309,187496,14620,8169,40959,40437,39011,37204,7096,596813,0.239058840329513
791,"Spokane County, Washington",495821,124277,7961,5618,24667,27201,24140,29356,5334,371544,0.25064892370432074
792,"Thurston County, Washington",276047,66287,3935,2695,13416,13941,15375,13421,3504,209760,0.24012939825464505
793,"Whatcom County, Washington",219138,58113,3196,3111,9260,10820,8607,20666,2453,161025,0.26518905894915534
794,"Yakima County, Washington",239561,68002,3864,3736,19762,15620,14989,8963,1068,171559,0.2838608955547856
795,"Berkeley County, West Virginia",112295,27084,1164,1771,5236,6145,7174,4188,1406,85211,0.24118616144975288
796,"Cabell County, West Virginia",90142,25367,1960,1010,3332,4043,4532,8408,2082,64775,0.2814115506645071
797,"Harrison County, West Virginia",65816,13331,498,698,3305,3069,3978,1497,286,52485,0.20254953202868603
798,"Kanawha County, West Virginia",174239,32557,1703,2114,8249,6742,6770,5542,1437,141682,0.18685254162386147
799,"Monongalia County, West Virginia",102846,36268,1218,1302,3581,4282,3297,18310,4278,66578,0.35264375862940706
800,"Raleigh County, West Virginia",71696,14275,922,514,3068,3466,3065,2818,422,57421,0.1991045525552332
801,"Wood County, West Virginia",81206,16567,1211,602,3353,4654,4143,1948,656,64639,0.20401201881634362
802,"Brown County, Wisconsin",253255,65436,4115,2795,14774,14602,13256,13884,2010,187819,0.25837989378294607
803,"Dane County, Wisconsin",524272,152981,9091,5818,22199,26462,24058,50043,15310,371291,0.2917970061342204
804,"Dodge County, Wisconsin",85539,16907,900,1409,3073,4074,5016,1994,441,68632,0.19765253276283332
805,"Eau Claire County, Wisconsin",101117,31789,1806,941,4332,4845,4513,14341,1011,69328,0.31437839334632156
806,"Fond du Lac County, Wisconsin",99502,22107,1748,984,4472,4882,4945,4580,496,77395,0.22217643866454945
807,"Jefferson County, Wisconsin",82719,21153,1132,1167,3764,4319,4707,5012,1052,61566,0.2557211765132557
808,"Kenosha County, Wisconsin",163055,43362,2031,1745,7467,10843,10050,9566,1660,119693,0.26593480727361934
809,"La Crosse County, Wisconsin",114162,32012,1232,1105,5162,5752,5304,12238,1219,82150,0.28040854224698236
810,"Manitowoc County, Wisconsin",76976,15807,868,1027,4489,3086,3524,2147,666,61169,0.20534971939305757
811,"Marathon County, Wisconsin",130793,30371,1827,1521,7801,6653,7142,4763,664,100422,0.23220661656204844
812,"Milwaukee County, Wisconsin",909917,244052,10230,17835,50092,52857,48765,48927,15346,665865,0.26821347441579835
813,"Outagamie County, Wisconsin",180729,43878,2522,3501,9451,9089,10054,8314,947,136851,0.24278339392128545
814,"Ozaukee County, Wisconsin",86270,20943,1594,1319,3394,4555,4555,3983,1543,65327,0.24276109887562305
815,"Portage County, Wisconsin",69285,18110,694,638,3037,3317,2933,6995,496,51175,0.2613841379808039
816,"Racine County, Wisconsin",189542,47912,2997,3068,8902,10892,11404,9203,1446,141630,0.2527777484673582
817,"Rock County, Wisconsin",157469,37797,1680,1711,8997,8492,9054,6783,1080,119672,0.24002819602588446
818,"St. Croix County, Wisconsin",86585,22482,1445,773,4394,6285,5562,3501,522,64103,0.25965236472830167
819,"Sheboygan County, Wisconsin",112429,27523,1629,1019,6266,6143,6411,5377,678,84906,0.24480338702647894
820,"Walworth County, Wisconsin",101237,27196,1177,1145,4201,4954,5780,9110,829,74041,0.26863696079496624
821,"Washington County, Wisconsin",131300,30268,2496,1489,6196,6862,7472,4277,1476,101032,0.23052551408987051
822,"Waukesha County, Wisconsin",390942,95330,6419,4498,18286,20472,23321,17690,4644,295612,0.24384691335287587
823,"Winnebago County, Wisconsin",165684,40864,1796,1981,7675,7757,7792,12307,1556,124820,0.24663817870162477
824,"Wood County, Wisconsin",70358,14783,858,840,3269,3136,4011,2338,331,55575,0.21011114585406065
825,"Laramie County, Wyoming",95334,22992,1561,984,5504,5762,4493,4212,476,72342,0.2411731386493801
826,"Natrona County, Wyoming",75964,18479,915,1025,3918,4435,4289,3463,434,57485,0.2432599652466958
827,"Arecibo Municipio, Puerto Rico",80113,17228,1172,605,2917,4046,3727,4148,613,62885,0.2150462471758641
828,"Bayam√≥n Municipio, Puerto Rico",166584,39087,1584,988,6482,8226,7130,12888,1789,127497,0.23463838063679585
829,"Caguas Municipio, Puerto Rico",121901,30787,1535,802,6143,5936,5316,8535,2520,91114,0.25255740313861247
830,"Carolina Municipio, Puerto Rico",144697,34410,2424,1057,6479,6522,6812,8922,2194,110287,0.2378072800403602
831,"Guaynabo Municipio, Puerto Rico",81988,17955,426,798,2769,3325,4335,4576,1726,64033,0.21899546275064644
832,"Mayag√ºez Municipio, Puerto Rico",70675,21489,564,744,3441,2489,2773,10579,899,49186,0.30405376724442873
833,"Ponce Municipio, Puerto Rico",129663,32822,2193,2204,5437,6141,6183,8478,2186,96841,0.2531331220163038
834,"San Juan Municipio, Puerto Rico",314223,78189,4728,2849,13001,12935,15432,21994,7250,236034,0.24883283527940347
835,"Toa Alta Municipio, Puerto Rico",69619,17289,308,444,3453,3733,4550,3907,894,52330,0.24833737916373405
836,"Toa Baja Municipio, Puerto Rico",73094,17282,905,762,2750,4031,3507,4133,1194,55812,0.23643527512518128
837,"Trujillo Alto Municipio, Puerto Rico",62186,15861,598,259,3538,2727,3110,5273,356,46325,0.2550574084199016
